time_seconds,time_years,number_density,temperature,cr_rate,fuv_field,visual_extinction,C,C+,CH,CH+,CH2,CH2+,CH3,CH3+,CH4,CH4+,CH5+,CO,CO+,E-,H,H+,H2,H2+,H2O,H2O+,H3+,H3O+,HCO,HCO+,HE,HE+,MG,MG+,O,O+,O2,O2+,OH,OH+
0.0,0.0,10000.0,250.0,1.0,1.0,21.2875,9.999999999999999e-11,0.000177,1e-30,1e-30,1e-30,1e-30,1e-30,1e-30,1e-30,1e-30,1e-30,1e-30,1e-30,0.000177,0.5,1e-30,0.25,1e-30,1e-30,1e-30,1e-30,1e-30,1e-30,1e-30,0.1000000014901161,1e-30,2.256e-06,1e-30,0.000334,1e-30,1e-30,1e-30,1e-30,1e-30
0.031536,1e-09,10000.0,250.0,1.0,1.0,21.2875,1.0000016489531643e-10,0.00017699999999983134,1.737546401948087e-25,4.865989389934206e-19,7.884106365891165e-26,3.2264903624017904e-18,1.0000006488005107e-30,2.035022033375928e-25,1.0000000008601714e-30,9.999999959993138e-31,9.999999666325063e-31,8.293084883604044e-30,4.583583480849315e-23,0.00017699999999997384,0.4999999999999991,9.65474688076262e-20,0.25000000000000044,9.460798741689976e-20,1.004355823884737e-30,1.000001551186793e-30,7.758249810259364e-27,1.0000000498870329e-30,1.0000001844011757e-30,1.297977684985374e-28,0.1000000014901161,2.049840030641243e-20,2.25599999986148e-06,1.385198380679266e-16,0.00033399999999999993,7.306758067496317e-22,1.2923782348176574e-24,9.99999988874898e-31,7.292090122305658e-20,4.735818603066277e-29
0.04560371032913122,1.4460841682246074e-09,10000.0,250.0,1.0,1.0,21.2875,1.0000023845250653e-10,0.00017699999999975613,2.6163209645862323e-25,7.036629843296253e-19,1.1401040924378587e-25,4.665776474028303e-18,1.0000019247037365e-30,4.255544472414097e-25,1.0000000012438802e-30,9.99999994214671e-31,9.999999563597328e-31,1.3294977667602747e-29,6.628247869827504e-23,0.00017699999999996215,0.4999999999999986,1.3961576922505646e-19,0.25000000000000067,1.368111046730349e-19,1.0091087193930444e-30,1.000004700017186e-30,1.622264537447619e-26,1.0000000721408964e-30,1.000000400988838e-30,2.7033666321014517e-28,0.1000000014901161,2.964241215656316e-20,2.2559999997996882e-06,2.0031134481227087e-16,0.0003339999999999999,1.0566186712050155e-21,1.8688873498223238e-24,9.99999985740457e-31,1.0544976078968496e-19,9.794235326500024e-29
0.0659468035192574,2.0911594215898465e-09,10000.0,250.0,1.0,1.0,21.2875,1.0000034482239459e-10,0.00017699999999964738,4.0002420942298754e-25,1.0175558227281867e-18,1.648682887098854e-25,6.747105161226762e-18,1.000005766381667e-30,8.899010660463385e-25,1.0000000017987555e-30,9.999999916339272e-31,9.999999508389626e-31,2.2436098090614054e-29,9.5850051183934e-23,0.0001769999999999453,0.499999999999998,2.0189615999432955e-19,0.250000000000001,1.9784035552916498e-19,1.019047780382624e-30,1.0000142261771535e-30,3.3923044587426597e-26,1.0000001043222255e-30,1.000000860897966e-30,5.642258892076962e-28,0.1000000014901161,4.286542292709775e-20,2.2559999997103326e-06,2.8966706444296186e-16,0.0003339999999999999,1.5279594385802512e-21,2.702568153358145e-24,9.999999849037397e-31,1.5248922961807626e-19,2.037219026249349e-28
0.09536462851421697,3.023992532794805e-09,10000.0,250.0,1.0,1.0,21.2875,1.0000049864220577e-10,0.0001769999999994901,6.238100545172773e-25,1.4714712010072737e-18,2.384131593690973e-25,9.756881264202714e-18,1.0000173594956681e-30,1.8609238029299116e-24,1.000000002601152e-30,9.99999987901955e-31,9.999999710829952e-31,3.9644784071106775e-29,1.3860725898178814e-22,0.0001769999999999209,0.4999999999999971,2.9195885415160874e-19,0.25000000000000144,2.8609377046797887e-19,1.0398319396300554e-30,1.0000430391704016e-30,7.09373971782368e-26,1.0000001508605962e-30,1.0000018330133352e-30,1.1787950895543041e-27,0.10000000149011612,6.198700945857622e-20,2.255999999581117e-06,4.188829559348476e-16,0.0003339999999999998,2.209557758365731e-21,3.90814097275437e-24,9.999999948653873e-31,2.205122607697669e-19,4.24923778072782e-28
0.13790527950303014,4.372947726504e-09,10000.0,250.0,1.0,1.0,21.2875,1.000007210785996e-10,0.00017699999999926265,9.968983909374514e-25,2.1278708637281925e-18,3.447654368302618e-25,1.4109270082851434e-17,1.0000523821188729e-30,3.891486936323052e-24,1.0000000037614844e-30,9.999999825051985e-31,1.0000000857175175e-30,7.287342677849712e-29,2.0043779977359955e-22,0.0001769999999998856,0.49999999999999584,4.2219710511503444e-19,0.2500000000000021,4.137155978685432e-19,1.0832949274808447e-30,1.000130178160699e-30,1.4834029726916097e-25,1.0000002181440119e-30,1.0000038816591648e-30,2.4639571920373255e-27,0.1000000014901161,8.963843301296856e-20,2.2559999993942597e-06,6.057400108909624e-16,0.0003339999999999997,3.1952060849107643e-21,5.651501175591487e-24,1.0000000430434291e-30,3.1887928918714316e-19,8.874920859512349e-28
0.19942264140392055,6.3236504757711994e-09,10000.0,250.0,1.0,1.0,21.2875,1.0000104274034748e-10,0.00017699999999893376,1.6398760127350145e-24,3.0770796486075606e-18,4.985602176048478e-25,2.040318907121342e-17,1.0001582398219442e-30,8.137717524520985e-24,1.00000000543942e-30,9.999999747009623e-31,1.0000005096169352e-30,1.3837231779462242e-28,2.898500067402976e-22,0.00017699999999983454,0.4999999999999939,6.105326088690495e-19,0.25000000000000305,5.982674209930101e-19,1.1741829602813826e-30,1.0003936988056525e-30,3.102020645731019e-25,1.0000003153209467e-30,1.0000081909637667e-30,5.1514358161299374e-27,0.1000000014901161,1.2962471884360625e-19,2.2559999991240486e-06,8.759510397561972e-16,0.00033399999999999955,4.620536080396854e-21,8.17254767422011e-24,1.0000002148199638e-30,4.611262916448206e-19,1.854795925121266e-27
0.2883819245197426,9.144530838398738e-09,10000.0,250.0,1.0,1.0,21.2875,1.0000150789030924e-10,0.00017699999999845812,2.786028200514526e-24,4.4497146597210066e-18,7.20961353653546e-25,2.950472238019622e-17,1.0004782793023262e-30,1.7017260691950226e-23,1.0000000078658541e-30,9.999999634153258e-31,1.000001903187549e-30,2.6957475988676656e-28,4.191476690312226e-22,0.00017699999999976076,0.4999999999999912,8.828816638597327e-19,0.2500000000000044,8.651447212477665e-19,1.3642443209695071e-30,1.0011906006103602e-30,6.486807139527329e-25,1.0000004557618602e-30,1.0000172462429532e-30,1.0771381411776305e-26,0.1000000014901161,1.8744825372889059e-19,2.255999998733301e-06,1.266698930619608e-15,0.0003339999999999994,6.6816822908668415e-21,1.1818195005767405e-23,1.0000007719484985e-30,6.668274298512067e-19,3.877581748356656e-27
0.4170245354501427,1.3223761271250085e-08,10000.0,250.0,1.0,1.0,21.2875,1.0000218053630605e-10,0.00017699999999777033,4.8958883343290594e-24,6.4346587763996214e-18,1.042574157985184e-24,4.266629871205895e-17,1.001445969073339e-30,3.558579519958526e-23,1.0000000113746899e-30,9.999999470955651e-31,1.000006278861523e-30,5.356018330388285e-28,6.061231499395105e-22,0.00017699999999965402,0.4999999999999873,1.2767214558051484e-18,0.2500000000000064,1.2510714057991063e-18,1.7616929181873776e-30,1.003600447421314e-30,1.356493197024888e-24,1.000000659248098e-30,1.0000362677690142e-30,2.2523581629103413e-26,0.1000000014901161,2.7106595207622665e-19,2.2559999981682464e-06,1.8317532692424447e-15,0.00033399999999999907,9.662271248404834e-21,1.7090111873325695e-23,1.0000025110902214e-30,9.642885891448165e-19,8.107547222617517e-27
0.6030525784756718,1.912267181873642e-08,10000.0,250.0,1.0,1.0,21.2875,1.000031532390356e-10,0.00017699999999677574,8.893022460266598e-24,9.305051605404723e-18,1.5076578560987773e-24,6.169903146045587e-17,1.004372098455223e-30,7.441554340104183e-23,1.0000000164488153e-30,9.999999234972866e-31,1.0000197444409044e-30,1.0798498923860099e-27,8.765058059584059e-22,0.00017699999999949971,0.4999999999999815,1.846247226672065e-18,0.25000000000000916,1.8091531337247026e-18,2.5928212853672992e-30,1.0108878305131994e-30,2.8366409309631307e-24,1.0000009560745313e-30,1.0000762352820242e-30,4.709929989949621e-26,0.1000000014901161,3.9198418183748076e-19,2.2559999973511303e-06,2.648869402256651e-15,0.00033399999999999863,1.3972449682871705e-20,2.4713755711328693e-23,1.0000078486929216e-30,1.3944424621514142e-18,1.6953072851805476e-26
0.8720647863406966,2.76529929712296e-08,10000.0,250.0,1.0,1.0,21.2875,1.0000455984905883e-10,0.00017699999999533744,1.6651659896620843e-23,1.3455874053211923e-17,2.1802181998980556e-24,8.922193482403957e-17,1.0132204598463421e-30,1.5561468372842518e-22,1.00000002378665e-30,9.999998893783136e-31,1.0000608020044188e-30,2.2005261016515894e-27,1.2675026646733257e-21,0.00017699999999927653,0.4999999999999732,2.6698300189438404e-18,0.25000000000001327,2.6161847361351303e-18,4.330843183979953e-30,1.0329248429959833e-30,5.931862759661856e-24,1.0000013959377213e-30,1.0001602912776516e-30,9.849102674523118e-26,0.10000000149011612,5.668421195403567e-19,2.2559999961695117e-06,3.83048810527637e-15,0.0003339999999999979,2.0205321970230877e-20,3.573820376732205e-23,1.0000241025918255e-30,2.0164811675775034e-18,3.5450457377741757e-26
1.2610790811934538,3.998855533972139e-08,10000.0,250.0,1.0,1.0,21.2875,1.0000659392555618e-10,0.00017699999999325756,3.200855170955538e-23,1.9458297668108734e-17,3.15282055017242e-24,1.2902230661020748e-16,1.039977554890299e-30,3.2541486937920633e-22,1.0000000343972102e-30,9.999998400238334e-31,1.0001854485071582e-30,4.518835221362878e-27,1.8329186639941924e-21,0.00017699999999895382,0.49999999999996125,3.860801293249965e-18,0.2500000000000192,3.783217120610552e-18,7.96532402659623e-30,1.0995649369531326e-30,1.2404455823956357e-23,1.0000020053599584e-30,1.0003373666379267e-30,2.059592662264543e-25,0.1000000014901161,8.197014149312277e-19,2.2559999944607917e-06,5.539208203476596e-15,0.00033399999999999706,2.921856211401406e-20,5.168051994581858e-23,1.000073417021488e-30,2.916001491037692e-18,7.413137763260661e-26
1.8236264941930882,5.78268167869447e-08,10000.0,250.0,1.0,1.0,21.2875,1.0000953537140074e-10,0.00017699999999024987,6.286757235856998e-23,2.8138276036224595e-17,4.559341222126758e-24,1.8657686233099692e-16,1.1208912508721309e-30,6.804936384887737e-22,1.0000000497201269e-30,9.999997680799387e-31,1.0005630902805521e-30,9.330362310772404e-27,2.650561202047049e-21,0.0001769999999984871,0.499999999999944,5.58304858496548e-18,0.2500000000000278,5.4708374023068334e-18,1.556560284297626e-29,1.3010892386150204e-30,2.5939651895686957e-23,1.0000018997638714e-30,1.0007113750335386e-30,4.306923235217745e-25,0.1000000014901161,1.185357238764195e-18,2.2559999919898386e-06,8.010161283080186e-15,0.0003339999999999957,4.2252428781325405e-20,7.473452705549281e-23,1.0002227796909582e-30,4.216783588787248e-18,1.550191680059376e-25
2.6371174020075636,8.362244425442554e-08,10000.0,250.0,1.0,1.0,21.2875,1.0001378894972012e-10,0.0001769999999859005,1.2558436511646441e-22,4.06901896887448e-17,6.593425468383575e-24,2.6980531853588614e-16,1.3655725466395519e-30,1.4230184735213025e-21,1.000000071854005e-30,9.999996633735472e-31,1.0017060953768713e-30,1.9339415175516527e-26,3.832948268594713e-21,0.0001769999999978122,0.49999999999991906,8.07356853735984e-18,0.2500000000000402,7.911264209664734e-18,3.1458997428674676e-29,1.910495228787579e-30,5.424382032832635e-23,1.000000594716663e-30,1.001504459316745e-30,9.006444770439972e-25,0.1000000014901161,1.7141263365859248e-18,2.2559999884166323e-06,1.1583367407046337e-14,0.00033399999999999386,6.110041920996464e-20,1.0807272084449676e-22,1.0006747837844556e-30,6.097823984556457e-18,3.2416788726916904e-25
3.8134937247927456,1.2092509274456956e-07,10000.0,250.0,1.0,1.0,21.2875,1.0001993998209447e-10,0.00017699999997961095,2.5411162920650056e-22,5.884117602691171e-17,9.535230185650225e-24,3.9016009501102743e-16,2.1054801223412362e-30,2.9757518074810504e-21,1.0000001039033465e-30,9.999995131112908e-31,1.005163978364147e-30,4.019402961590155e-26,5.542794410639878e-21,0.00017699999999683626,0.49999999999988287,1.1675081324417071e-17,0.2500000000000581,1.1440297160572827e-17,6.469461913017845e-29,3.753303296713583e-30,1.1343209373324227e-22,1.0000006933303788e-30,1.0031957507529487e-30,1.8833878489319817e-24,0.1000000014901161,2.4787709575039954e-18,2.255999983249476e-06,1.675052420252384e-14,0.0003339999999999911,8.835603706001628e-20,1.5628288776998963e-22,1.0020420978734688e-30,8.81796671628536e-18,6.778831751585338e-25
5.514632901046656,1.7486786215901368e-07,10000.0,250.0,1.0,1.0,21.2875,1.0002883489285601e-10,0.00017699999997051574,5.19089177414603e-22,8.508874294558031e-17,1.37902397582309e-23,5.642020265283943e-16,4.342934303830597e-30,6.222751229113562e-21,1.0000001506176471e-30,9.999993059455246e-31,1.0156226168359913e-30,8.369511905130537e-26,8.015407055401065e-21,0.00017699999999542496,0.49999999999983064,1.6883195605008056e-17,0.2500000000000841,1.6543513902776623e-17,1.3419560231092925e-28,9.325837167601463e-30,2.3720343795342654e-22,1.0000182807502124e-30,1.00683125965723e-30,3.938456369119666e-24,0.1000000014901161,3.584511437946967e-18,2.2559999757773324e-06,2.422266781788239e-14,0.0003339999999999871,1.277696142747371e-19,2.2599954261625613e-22,1.0061774568248765e-30,1.2751522046782244e-17,1.4175532423241514e-24
7.974623331774108,2.5287364699943266e-07,10000.0,250.0,1.0,1.0,21.2875,1.0004169768296018e-10,0.0001769999999573633,1.0677150949804474e-21,1.2304433363550915e-16,1.9945809837578317e-23,8.158787878205281e-16,1.1108926128845837e-29,1.3012703780689887e-20,1.0000002197892361e-30,9.999990508781149e-31,1.0472522614443299e-30,1.7450650133834884e-25,1.1591078315457681e-20,0.00017699999999338406,0.4999999999997551,2.4414616683483255e-17,0.2500000000001216,2.3923065321981993e-17,2.7953323743715114e-28,2.617686426267521e-29,4.960267179780393e-22,1.0001203888816538e-30,1.0147315580794178e-30,8.235918535390573e-24,0.10000000149011609,5.1835052404943065e-18,2.255999964971984e-06,3.5028016358178824e-14,0.00033399999999998134,1.8476425278172531e-19,3.268171482870326e-22,1.0186835317072324e-30,1.8439774115878727e-17,2.964306183534919e-24
11.531976547633086,3.6567657748709683e-07,10000.0,250.0,1.0,1.0,21.2875,1.0006029836108049e-10,0.0001769999999383438,2.2070523202900264e-21,1.7793005715954521e-16,2.885413766728461e-23,1.1798192971664018e-15,3.1569160166219496e-29,2.721145340706747e-20,1.0000003246652258e-30,9.999988153372803e-31,1.1429041317261013e-30,3.641864434249896e-25,1.6761936379238162e-20,0.00017699999999043278,0.49999999999964584,3.530578891882444e-17,0.2500000000001758,3.4594246959492776e-17,5.834574006751588e-28,7.713386007095745e-29,1.0372604048143263e-21,1.0004976878976002e-30,1.0321512781225805e-30,1.722255550853542e-23,0.1000000014901161,7.495784862639392e-18,2.25599994934654e-06,5.065345972123839e-14,0.00033399999999997304,2.671818093299702e-19,4.726109340198586e-22,1.0565028718640267e-30,2.666546533778111e-17,6.198767541246459e-24
16.676208713869638,5.287991093946486e-07,10000.0,250.0,1.0,1.0,21.2875,1.0008719650930182e-10,0.00017699999991083998,4.578136569542032e-21,2.572968081174246e-16,4.1755793093997595e-23,1.7060968842852512e-15,9.344793840229405e-29,5.690292850604099e-20,1.000000328549148e-30,9.999944115839124e-31,1.4322023557133753e-30,7.605325864430429e-25,2.42397177112201e-20,0.000176999999986165,0.4999999999994878,5.1055556984428865e-17,0.25000000000025424,5.002510743326658e-17,1.219011272857849e-27,2.3126655189626066e-28,2.1690449858591495e-21,9.940470197817449e-31,1.0711855403522763e-30,3.6014920486269784e-23,0.1000000014901161,1.0839535815042383e-17,2.255999926750834e-06,7.324916579512819e-14,0.000333999999999961,3.8636142173554708e-19,6.834473813153303e-22,1.1708919982907019e-30,3.8560507102646084e-17,1.2962403834509597e-23
24.11520140713613,7.646880202668737e-07,10000.0,250.0,1.0,1.0,21.2875,1.0012609349993475e-10,0.0001769999998710671,9.519927004322948e-21,3.72062321318358e-16,6.046886626970711e-23,2.4671155237053556e-15,2.8057155076754275e-28,1.1899140575756522e-19,1.0000000596529058e-30,9.999804956618755e-31,2.3070626154308406e-30,1.588959809423584e-24,3.505381556696653e-20,0.00017699999997999337,0.4999999999992593,7.383149958202203e-17,0.2500000000003676,7.233824619526717e-17,2.5480557256486022e-27,6.973771300173898e-28,4.535722456651871e-21,9.717235409872293e-31,1.160877702600419e-30,7.531237180343724e-23,0.10000000149011609,1.5674881126265546e-17,2.2559998940755417e-06,1.059244582108264e-13,0.0003339999999999436,5.586986663969927e-19,9.883479336263244e-22,1.516814154177354e-30,5.576173850388147e-17,2.710582825228254e-23
34.872610968407265,1.1058032397389417e-06,10000.0,250.0,1.0,1.0,21.2875,1.0018234183134643e-10,0.0001769999998135522,1.9830208683372612e-20,5.380114356499256e-16,8.769388535955829e-23,3.567564335805106e-15,8.463924376410845e-28,2.488248916101302e-19,9.999998063031236e-31,9.99964098259529e-31,4.952420529866639e-30,3.320897247625524e-24,5.069315881436581e-20,0.00017699999997106874,0.4999999999989288,1.0676837545180752e-16,0.2500000000005316,1.046024465649787e-16,5.327299511595684e-27,2.106677118662843e-27,9.484627316608678e-21,9.458650763009294e-31,1.3734971506779906e-30,1.5748845914090033e-22,0.10000000149011609,2.2667197421336793e-17,2.2559998468243195e-06,1.5317568041289818e-13,0.0003339999999999185,8.078992230401051e-19,1.4292876155561215e-21,2.5627616120946494e-30,8.063616654058212e-17,5.668072186710439e-23
50.428730626069544,1.5990845581579638e-06,10000.0,250.0,1.0,1.0,21.2875,1.0026368167184688e-10,0.00017699999973038087,4.135657025384415e-20,7.77963823664789e-16,1.2754883152726237e-22,5.158805164559836e-15,2.5572827732133567e-27,5.203170728585082e-19,1.0000018689473182e-30,1.0000071754434286e-30,1.2951135392078427e-29,6.942436376457925e-24,7.33115738085044e-20,0.00017699999995816288,0.49999999999845096,1.543998479610676e-16,0.2500000000007688,1.512540179950511e-16,1.1139141211670483e-26,6.367585785671278e-27,1.9832986676245113e-20,1.0235045665348094e-30,1.8948641181371425e-30,3.2932828640530476e-22,0.10000000149011609,3.277867529940965e-17,2.255999778495077e-06,2.2150492298611794e-13,0.00033399999999988213,1.1682357556031287e-18,2.0669816855216887e-21,5.725248422405367e-30,1.1660668235149158e-16,1.1852272480980032e-22
72.92418898202241,2.312410863204668e-06,10000.0,250.0,1.0,1.0,21.2875,1.0038130596707919e-10,0.00017699999961010812,8.632331112459584e-20,1.1249049936740655e-15,1.8662547403761935e-22,7.459662611014741e-15,7.730599070513533e-27,1.0880192513165682e-18,1.0000164196216062e-30,1.0003875424869953e-30,3.7136905612997575e-29,1.4516583247595916e-23,1.060251585727009e-19,0.00017699999993949986,0.49999999999775985,2.2328310151805275e-16,0.25000000000111167,2.1870529048200365e-16,2.3292628357269174e-26,1.9250347835375164e-26,4.147127286237406e-20,1.6835712651395006e-30,3.2186042124173255e-30,6.886622612290528e-22,0.10000000149011606,4.7400723343938443e-17,2.255999679685245e-06,3.2031475517062244e-13,0.0003339999999998296,1.6892532291108666e-18,2.989262641195452e-21,1.528734994121204e-29,1.686230741854255e-16,2.478326778386027e-22
105.45451516752199,3.34394073971087e-06,10000.0,250.0,1.0,1.0,21.2875,1.0055140068109383e-10,0.0001769999994361837,1.802890072848527e-19,1.6265062125145905e-15,2.76367896386875e-22,1.078645552771746e-14,2.3373689296094377e-26,2.2750805000547348e-18,1.0000812725696378e-30,1.0021422295113603e-30,1.1026891883585133e-28,3.036044839251844e-23,1.5334315403518813e-19,0.00017699999991251146,0.4999999999967605,3.2290272970246926e-16,0.25000000000160755,3.1622287255655656e-16,4.8707506356920604e-26,5.820239478206055e-26,8.671498737333517e-20,4.7127015332200276e-30,6.694817852451812e-30,1.4400551398797758e-21,0.10000000149011604,6.854543546059505e-17,2.2559995367979187e-06,4.632020813629647e-13,0.00033399999999975355,2.4425639817780806e-18,4.323212933858906e-21,4.420006738940287e-29,2.438431515523187e-16,5.182055267534685e-22
152.4961048515547,4.835619763177152e-06,10000.0,250.0,1.0,1.0,21.2875,1.0079737212741478e-10,0.00017699999918467443,3.7669835551236915e-19,2.3516444578167427e-15,4.190771619531581e-22,1.559635685254203e-14,7.067554618917222e-26,4.757129026676496e-18,1.0003368237799996e-30,1.0091276609652092e-30,3.31403981629423e-28,6.35112947722685e-23,2.21792780517807e-19,0.00017699999987348368,0.49999999999531536,4.669791713512676e-16,0.2500000000023247,4.571941839012358e-16,1.0185406447467096e-25,1.7597823494502965e-25,1.8131050446648232e-19,1.6753418944481378e-29,1.6115493503691467e-29,3.011241433225858e-21,0.10000000149011601,9.912246875288804e-17,2.2559993301708347e-06,6.698291653099036e-13,0.0003339999999996436,3.531654718128729e-18,6.252749332562637e-21,1.3162352256501933e-28,3.5261770755496277e-16,1.0834927937599176e-21
220.522202941753,6.992713183084506e-06,10000.0,250.0,1.0,1.0,21.2875,1.0115306790404955e-10,0.00017699999882097125,7.873213375224599e-19,3.3997968990073474e-15,6.643285385978427e-22,2.2549952974480095e-14,2.136983683676542e-25,9.94662416156492e-18,1.0015004857230421e-30,1.0410636637318744e-30,1.0000137095519856e-27,1.3289663804716996e-22,3.208264769779404e-19,0.00017699999981704575,0.49999999999322564,6.753636136281876e-16,0.2500000000033617,6.609516523464233e-16,2.1299198020915176e-25,5.320355418355244e-25,3.790755314524688e-19,7.176244597618309e-29,4.249950706459741e-29,6.296552180771273e-21,0.10000000149011595,1.4333943221273037e-16,2.2559990313707133e-06,9.686292860466266e-13,0.00033399999999948467,5.106028018348399e-18,9.044133865891634e-21,3.9593731428145352e-28,5.099148562365031e-16,2.265279780553553e-21
318.8936664160823,1.0112051826993984e-05,10000.0,250.0,1.0,1.0,21.2875,1.0166743469263774e-10,0.00017699999829502637,1.6459355798859773e-18,4.9145552821301745e-15,1.1360682985352646e-21,3.260141189734398e-14,6.461294352092795e-25,2.0796073515529808e-17,1.006550583841948e-30,1.1798307366636001e-30,3.0214897444504182e-27,2.78185752450113e-22,4.641415013792634e-19,0.00017699999973543065,0.4999999999902037,9.767840153138701e-16,0.2500000000048612,9.553953827419785e-16,4.453990509143867e-25,1.608375532949814e-24,7.924847617552511e-19,3.1071600810323195e-28,1.1836256084394107e-28,1.316578303573881e-20,0.1000000014901159,2.0728088242120426e-16,2.255998599280661e-06,1.4007193388296972e-12,0.0003339999999992547,7.381568127945786e-18,1.3083037251179535e-20,1.1950091565144701e-27,7.373797419963121e-16,4.735621003410213e-21
461.1470823513949,1.462287805528269e-05,10000.0,250.0,1.0,1.0,21.2875,1.0241125394504213e-10,0.00017699999753446711,3.4415876378016925e-18,7.103021074047335e-15,2.1712040434053324e-21,4.712825173380137e-14,1.953488100962822e-24,4.34761048891654e-17,1.0287136739604795e-30,1.7890668019200686e-30,9.132643035864421e-27,5.826027828678461e-22,6.716041189357024e-19,0.00017699999961740605,0.4999999999858338,1.4128282587714123e-15,0.25000000000702977,1.380753892546042e-15,9.313992080450182e-25,4.8615357711022424e-24,1.6565391597312846e-18,1.3595577682443926e-27,3.420436954542447e-28,2.752778639410715e-20,0.10000000149011581,2.9974559996914547e-16,2.2559979744422255e-06,2.025557774353263e-12,0.0003339999999989223,1.0669816200391142e-17,1.8928496374207185e-20,3.610447916210367e-27,1.0663130480152204e-15,9.898585462640458e-21
666.8574950113216,2.1145912449623337e-05,10000.0,250.0,1.0,1.0,21.2875,1.0348688249720599e-10,0.00017699999643463712,7.197543991593118e-18,1.0263544361066211e-14,4.7328480396895985e-21,6.811769801394589e-14,5.9055921051474185e-24,9.087979733673134e-17,1.1255392415566116e-30,4.450942289352174e-30,2.760504948366835e-26,1.2209979987383303e-21,9.720652361947732e-19,0.0001769999994467278,0.4999999999795144,2.0437294883663506e-15,0.25000000001016554,1.994956045431129e-15,1.9477028249218983e-24,1.469178973324995e-23,3.4620543639373575e-18,5.940947455244619e-27,1.0167967894575208e-27,5.755300347097786e-20,0.10000000149011568,4.3345736143310963e-16,2.2559970708735678e-06,2.929126431968048e-12,0.0003339999999984415,1.5419938879893046e-17,2.739169550428423e-20,1.0910617034348256e-26,1.5419781601965423e-15,2.068636529470858e-20
964.3320659977904,3.0578769216063876e-05,10000.0,250.0,1.0,1.0,21.2875,1.0504233882556694e-10,0.000176999994844196,1.5055474749468404e-17,1.4825195176409912e-14,1.1650255792528685e-20,9.843346313435709e-14,1.785086343719485e-23,1.8993634587475674e-16,1.5488137957817515e-30,1.608723827386957e-29,8.343186491964432e-26,2.5614756978577408e-21,1.4075005711142708e-18,0.00017699999919990265,0.49999999997037614,2.956784979515154e-15,0.25000000001470024,2.8812611361852174e-15,4.072955400714641e-24,4.4386552914134593e-23,7.233566020561941e-18,2.5961100421190354e-26,3.0994763697474104e-27,1.2031627296144535e-19,0.10000000149011548,6.268158171423589e-16,2.2559957642378896e-06,4.2357621108475546e-12,0.00033399999999774626,2.2278656044246988e-17,3.965146762381529e-20,3.296833185212288e-26,2.2298296679701854e-15,4.321874467255612e-20
1394.505333550732,4.4219474047143965e-05,10000.0,250.0,1.0,1.0,21.2875,1.0729167401899231e-10,0.00017699999254429597,3.149965583778624e-17,2.140350958983263e-14,3.1349908595792e-20,1.4219588891128066e-13,5.394767454616762e-23,3.9686147782679873e-16,3.398447276948037e-30,6.693232781349402e-29,2.5210498620084476e-25,5.381243360908836e-21,2.039138932196068e-18,0.00017699999884295182,0.49999999995716154,4.2786401245587945e-15,0.2500000000212577,4.15900573185193e-15,8.517197979645664e-24,1.3404427745596814e-22,1.5107996089959506e-17,1.1339471824026165e-25,9.684793744717471e-27,2.5149100347955455e-19,0.1000000014901152,9.064284069224597e-16,2.255993874734084e-06,6.1252659166949304e-12,0.0003339999999967407,3.217531546441437e-17,5.742461695137934e-20,9.95923739260136e-26,3.2245202572418277e-15,9.025726608807642e-20
2016.5720853524851,6.394508134679367e-05,10000.0,250.0,1.0,1.0,21.2875,1.1054443212030012e-10,0.0001769999892184713,6.59247575275347e-17,3.087834211005371e-14,8.909335229318781e-20,2.0531992996270955e-13,1.6299232175977687e-22,8.28916926465759e-16,1.1479115731431394e-29,2.890387044915125e-28,7.615301911798605e-25,1.1328020379630525e-20,2.9566134258025094e-18,0.00017699999832672728,0.4999999999380524,6.193278927493788e-15,0.2500000000307403,5.998550737625099e-15,1.7810828938303296e-23,4.0456180768651305e-22,3.153727668756238e-17,4.950477872804387e-25,3.106836411092404e-26,5.255769143665569e-19,0.1000000014901148,1.3107717215360308e-15,2.255991142355394e-06,8.85764460585117e-12,0.0003339999999952867,4.6441626591186975e-17,8.321911601111214e-20,3.0072103159517023e-25,4.662925344822694e-15,1.883801098164513e-19
2916.1329667119107,9.246996977143298e-05,10000.0,250.0,1.0,1.0,21.2875,1.1524825682081874e-10,0.00017699998440909954,1.3802892801775549e-16,4.4500750582609054e-14,2.608194276509413e-19,2.962687814141574e-13,4.92254211822732e-22,1.730428118109872e-15,4.676708834355844e-29,1.258803219267698e-27,2.2992296801759824e-24,2.3915114759534774e-20,4.291781192245303e-18,0.00017699999758013198,0.4999999999104193,8.968507012019581e-15,0.2500000000444526,8.641673007323136e-15,3.724538303033218e-23,1.219959194998872e-21,6.578081703554035e-17,2.1596454979873723e-24,1.0259157545773544e-25,1.0980657705154423e-18,0.10000000149011423,1.895486135666785e-15,2.2559871911117913e-06,1.2808888209467627e-11,0.00033399999999318377,6.697799824426668e-17,1.2071467122844974e-19,9.07440970050507e-25,6.742977606069029e-15,3.928405974829157e-19
4216.973715599934,0.00013371935932267675,10000.0,250.0,1.0,1.0,21.2875,1.2205051373687892e-10,0.00017699997745444885,2.8916186573216893e-16,6.403588156338238e-14,7.749547561268538e-19,4.270933802133945e-13,1.4858092967586683e-21,3.6096452129089245e-15,2.0077158670917607e-28,5.490016449934854e-27,6.937014493995015e-24,5.069297481399217e-20,6.239879099672797e-18,0.00017699999650030204,0.4999999998704604,1.2995204221176157e-14,0.2500000000642813,1.2428551081779146e-14,7.788674982677335e-23,3.674195063780025e-21,1.3705051541549633e-16,9.41128836075229e-24,3.4969697369058527e-25,2.2932137808795535e-18,0.10000000149011341,2.741032284845965e-15,2.2559814772934348e-06,1.852270656544753e-11,0.0003339999999901427,9.648006700602098e-17,1.7534320986438953e-19,2.7356584056120086e-24,9.750902889847437e-15,8.18202942453715e-19
6098.0989279483565,0.00019336944850166022,10000.0,250.0,1.0,1.0,21.2875,1.318874207032673e-10,0.0001769999673976573,6.06265386617516e-16,9.194586366477529e-14,2.3181271857553125e-18,6.148321917641388e-13,4.481026677233729e-21,7.521362975396867e-15,8.722908407103248e-28,2.3933090060997193e-26,2.0908451104033546e-23,1.0806176302154374e-19,9.092403575170015e-18,0.0001769999949383805,0.4999999998126781,1.8846023426524586e-14,0.2500000000929541,1.7831721020128456e-14,1.6287830004375622e-22,1.104571721556384e-20,2.8506954648532904e-16,4.0949305236573833e-23,1.2329389974976304e-24,4.7863755821036044e-18,0.10000000149011219,3.96376295877349e-15,2.255973214657234e-06,2.6785342766118555e-11,0.0003339999999857443,1.3873765267870785e-16,2.551913754794792e-19,8.235900407566223e-24,1.4100604813495217e-14,1.701104724969138e-18
8818.36431597356,0.0002796284980965741,10000.0,250.0,1.0,1.0,21.2875,1.4611297688823178e-10,0.00017699995285514166,1.2725605669690126e-15,1.316067068304291e-13,6.950489154915658e-18,8.833244740134698e-13,1.3498128048268337e-20,1.5647222824262995e-14,3.796624078302056e-27,1.0420706942913511e-25,6.292657880131186e-23,2.3214453257323094e-19,1.328896549075023e-17,0.00017699999267888433,0.49999999972912373,2.736413789317631e-14,0.2500000001344149,2.5495067471782916e-14,3.4063421669294395e-22,3.312012561354771e-20,5.915587827312363e-16,1.7777698632772283e-22,4.497952840422011e-24,9.981655290104028e-18,0.10000000149011043,5.731933955941987e-15,2.25596126624434e-06,3.873375566030101e-11,0.0003339999999793825,1.9900921454322809e-16,3.724374839471962e-19,2.4745873827857336e-23,2.0390616466598646e-14,3.5276355012901404e-18
12752.097026966174,0.0004043663440818802,10000.0,250.0,1.0,1.0,21.2875,1.6668548376501924e-10,0.00017699993182636624,2.6753796831724264e-15,1.875284409303527e-13,2.083443812492123e-17,1.2654070966438446e-12,4.059025945526485e-20,3.247737505083224e-14,1.650796301590323e-26,4.5287385728413005e-25,1.8898478920100001e-22,5.039219478622971e-19,1.9499919193398594e-17,0.00017699998940974565,0.49999999960830455,3.9799118382491787e-14,0.2500000001943661,3.627047747613146e-14,7.125062392602412e-22,9.893601522916718e-20,1.2234238208257387e-15,7.693187222309867e-22,1.6948164972972255e-23,2.0790750011258982e-17,0.10000000149010786,8.288857053796413e-15,2.255943987947592e-06,5.601205240853058e-11,0.0003339999999701798,2.8444823532658776e-16,5.457052409277785e-19,7.414104970065073e-23,2.948645374423655e-14,7.288305074464835e-18
18440.60562235985,0.0005847477683396706,10000.0,250.0,1.0,1.0,21.2875,1.9643742466896607e-10,0.00017699990141887168,5.637006103650009e-15,2.65495123476873e-13,6.231808564229084e-17,1.805248490655087e-12,1.2175672107881373e-19,6.718746349988185e-14,7.161377913119212e-26,1.9627467231728838e-24,5.658395325431681e-22,1.1088295183013215e-18,2.8757990000306315e-17,0.00017699998467873572,0.499999999433605,5.801764769430853e-14,0.25000000028105085,5.1233638192105296e-14,1.4911163257868682e-21,2.939404612072982e-19,2.5180056294351303e-15,3.3137678109959244e-21,6.569808611916014e-23,4.3229228607246226e-17,0.10000000149010418,1.1986380999189617e-14,2.2559190023145406e-06,8.099768545889671e-11,0.0003339999999568657,4.0449618273962603e-16,8.040440502311258e-19,2.2122622063832983e-22,4.263969764262031e-14,1.4978004030239626e-17
26666.667842968214,0.0008455944902006664,10000.0,250.0,1.0,1.0,21.2875,2.394660280290487e-10,0.00017699985745086444,1.1912675315253917e-14,3.7244288806847127e-13,1.8566178121388168e-16,2.5600967337770286e-12,3.639276464399277e-19,1.3833436926487515e-13,3.0958964996018285e-25,8.47280408001793e-24,1.6867435124091151e-21,2.4817766007502677e-18,4.2663566732334e-17,0.00017699997782994302,0.4999999991810062,8.483366353566834e-14,0.25000000040638465,7.16403965192131e-14,3.1252591778801578e-21,8.665058772156413e-19,5.1469482908157446e-15,1.4178677784430535e-20,2.6054169343217546e-22,8.965880505281191e-17,0.1000000014900988,1.7333307518377797e-14,2.2558828714845267e-06,1.1712851547412428e-10,0.0003339999999375999,5.710319084298299e-16,1.1938906513206014e-18,6.5623896066578875e-22,6.166018157833159e-14,3.054633275437357e-17
38562.24618702058,0.0012228008050171417,10000.0,250.0,1.0,1.0,21.2875,3.0169859055403407e-10,0.0001769997938769152,2.5274447906984363e-14,5.157372613964853e-13,5.497503538559483e-16,3.5997923696512653e-12,1.08221904921151e-18,2.828846833223889e-13,1.3316269592444015e-24,3.6367050827516434e-23,4.996396904475836e-21,5.6684446028455754e-18,6.368600376363388e-17,0.00017699996791090193,0.4999999988157902,1.2452734732897954e-13,0.25000000058758853,9.875506843464775e-14,6.578761265976976e-21,2.5258709775312516e-18,1.0418979304442292e-14,6.008692639257591e-20,1.0500828312219386e-21,1.852871917175688e-16,0.10000000149009107,2.506540427289515e-14,2.255830624305384e-06,1.6937569461701702e-10,0.0003339999999097144,7.978473335315419e-16,1.791657527247393e-18,1.9303460063084778e-21,8.916495632418576e-14,6.16189431965159e-17
55764.25370223015,0.0017682728850275922,10000.0,250.0,1.0,1.0,21.2875,3.917108835487216e-10,0.00017699970195808604,5.389086577764935e-14,7.013274581544456e-13,1.6132147314841215e-15,5.000835984780277e-12,3.1947724453503512e-18,5.72869880826223e-13,5.686261827756954e-24,1.5481786251210315e-22,1.4666383209560683e-20,1.3241964753420149e-17,9.55455932434278e-17,0.0001769999535363177,0.49999999828778363,1.8365306943869456e-13,0.2500000008495478,1.3345243320281792e-13,1.401872458815219e-20,7.245618657846533e-18,2.0806967403154508e-14,2.511588290478457e-19,4.2703838921450574e-21,3.8095296939407694e-16,0.10000000149007988,3.624664808623638e-14,2.2557550726659057e-06,2.4492733409682875e-10,0.0003339999998693376,1.0987028015370432e-15,2.7272086980812173e-18,5.610573503036824e-21,1.289382482449393e-13,1.2238087190705494e-16
80639.8044316553,0.0025570714241392473,10000.0,250.0,1.0,1.0,21.2875,5.219119541322559e-10,0.0001769995690626893,1.1558386182184696e-13,9.302204467460394e-13,4.67276509363979e-15,6.829749753483187e-12,9.333653978278978e-18,1.1441675330524314e-12,2.40306707814159e-23,6.513600716730313e-22,4.2496762930876195e-20,3.1652593160692654e-17,1.4352809154003096e-16,0.00017699993268726556,0.49999999752448604,2.7225938315630637e-13,0.250000001228217,1.7550853705140912e-13,3.086440525931067e-20,2.031420477688269e-17,4.0784320140492873e-14,1.0294087696223026e-18,1.7389340758433598e-20,7.775873798601673e-16,0.1000000014900637,5.241562824270479e-14,2.2556458231926423e-06,3.5417680736074053e-10,0.0003339999998108445,1.4829419223144724e-15,4.228830478806371e-18,1.603331960033833e-20,1.8645185863819845e-13,2.377813560366259e-16
116611.94451734517,0.0036977405034673127,10000.0,250.0,1.0,1.0,21.2875,7.102588445309485e-10,0.00017699937693283234,2.4943495084382465e-13,1.1933061457955806e-12,1.328635922614872e-14,9.109334577737852e-12,2.6872093366541137e-17,2.2410712189930917e-12,1.0006936240695067e-22,2.6947878203713436e-21,1.2088791434276986e-19,7.725536539534777e-17,2.1427356807992326e-16,0.00017699990241404014,0.4999999964211533,4.0562462178920095e-13,0.25000000177553966,2.2265312944033966e-13,7.347899037157667e-20,5.5138568629929534e-17,7.796601442968944e-14,4.103222059754208e-18,7.031457529210644e-20,1.5711794300748218e-15,0.10000000149004033,7.579725185635536e-14,2.2554878487861523e-06,5.121512138499497e-10,0.0003339999997260507,1.9479281638607164e-15,6.711308682212812e-18,4.474450054682257e-20,2.6961746272497764e-13,4.480623922233513e-16
168630.68679241865,0.005347244000266954,10000.0,250.0,1.0,1.0,21.2875,9.827363306813024e-10,0.0001769990991776607,5.410594064129015e-13,1.466539124392098e-12,3.6802067220051814e-14,1.1765666551518795e-11,7.580380074424593e-17,4.2722283814058585e-12,4.08138108261752e-22,1.0886264408871312e-20,3.3506312352367926e-19,1.9164880173993448e-16,3.141426547361931e-16,0.00017699985839484945,0.49999999482646573,6.065055337497411e-13,0.25000000256656596,2.6988770905552973e-13,2.032917322774142e-19,1.4302079172653294e-16,1.4428706850052236e-13,1.572663025017512e-17,2.796374627525511e-19,3.1307861044632133e-15,0.10000000149000654,1.0960887484787036e-13,2.2552594244177567e-06,7.405755822459976e-10,0.0003339999996030286,2.46953418493291e-15,1.0951474347789424e-17,1.2084862365528674e-19,3.898741124577438e-13,8.095761748735319e-16
243854.16644735882,0.007732564892420054,10000.0,250.0,1.0,1.0,21.2875,1.376938712853911e-09,0.00017699869764696165,1.175701606838055e-12,1.7118990919354144e-12,9.828609820465591e-14,1.4571932251467926e-11,2.079510519927044e-16,7.849247650203646e-12,1.6170808900736668e-21,4.252905596220181e-20,8.957015357949767e-19,4.801794450451645e-16,4.453677158365244e-16,0.00017699979427919532,0.4999999925218018,9.077500625445763e-13,0.2500000037097761,3.101740979626802e-13,6.863721143935655e-19,3.4845256000811166e-16,2.5657486618735803e-13,5.708055553911785e-17,1.0812564572583134e-18,6.1231523848639796e-15,0.10000000148995762,1.585029663257596e-13,2.2549291452025005e-06,1.070854797500105e-09,0.00033399999942436594,2.9967874117074003e-15,1.8442769602396503e-17,3.122761219767074e-19,5.63760503530164e-13,1.3830122367928587e-15
352633.64945513353,0.011181939670698044,10000.0,250.0,1.0,1.0,21.2875,1.9472388011683335e-09,0.0001769981171866699,2.5421295824417344e-12,1.890880657217611e-12,2.496948740908096e-13,1.7142564647751766e-11,5.496528929824582e-16,1.3735204097245017e-11,6.157774784765913e-21,1.5860131293845986e-19,2.27892295407659e-18,1.207287544659002e-15,6.016108075837435e-16,0.00017699970071141825,0.4999999891912048,1.3552898775692782e-12,0.2500000053621007,3.374746304746037e-13,2.7111876078686574e-18,7.802606784276109e-16,4.3592781387737047e-13,1.9233744218403994e-16,4.0072803619435736e-18,1.1689953037679753e-14,0.1000000014898869,2.292071825443525e-13,2.2544516207296994e-06,1.548379270301309e-09,0.0003339999991646047,3.462674392519647e-15,3.21184906570286e-17,7.615098719697569e-19,8.151893595258789e-13,2.19904691703048e-15
509937.93766033405,0.016170025927839105,10000.0,250.0,1.0,1.0,21.2875,2.7722560396756123e-09,0.00017699727806602653,5.4115364986565615e-12,1.988093158426318e-12,5.933958968763961e-13,1.9057754366841198e-11,1.3852158959678807e-15,2.2600287722340397e-11,2.2237366049821316e-20,5.551654092076943e-19,5.428803722662814e-18,3.0300447040946837e-15,7.698736374911752e-16,0.0001769995638831348,0.49999998437783144,2.0125791041424266e-12,0.25000000775080944,3.508172791106002e-13,1.1293504797959287e-17,1.5660715279289792e-15,7.06686466111993e-13,5.871984866675119e-16,1.3985508670466478e-17,2.1660921297205972e-14,0.10000000148978469,3.314498506292021e-13,2.2537612621804043e-06,2.238737819596023e-09,0.00033399999878647033,3.819405518774999e-15,5.783767400786516e-17,1.7270008640795276e-18,1.1787419710479774e-12,3.2094259963532803e-15
737413.1784277145,0.023383218494029506,10000.0,250.0,1.0,1.0,21.2875,3.965700195464063e-09,0.00017699606506735234,1.1179940256126978e-11,2.023139838441139e-12,1.2938029727811711e-12,2.0117796660416825e-11,3.2941671504283785e-15,3.45671751303049e-11,7.498411484156039e-20,1.7862964778685128e-18,1.1883190322919557e-17,7.560114703487077e-15,9.4570644168968e-16,0.00017699936340250688,0.4999999774208385,2.9690021326262336e-12,0.25000001120534726,3.5492812753950674e-13,4.523685851965444e-17,2.7518900987090708e-15,1.0975676807726748e-12,1.580877362378301e-15,4.499019192490799e-17,3.873853745750024e-14,0.10000000148963685,4.79298051093855e-13,2.252763326143147e-06,3.23667385685325e-09,0.00033399999823530374,4.079475783413994e-15,1.074536894468225e-16,3.5965066140376654e-18,1.7044507944612414e-12,4.276233234833603e-15
1066361.5227645051,0.0338141020663529,10000.0,250.0,1.0,1.0,21.2875,5.692230022978371e-09,0.00017699431178857717,2.2038142110643675e-11,2.030910604530492e-12,2.535671071715998e-12,2.050241035288641e-11,7.331388484795537e-15,4.8780508923712914e-11,2.3225818503072916e-19,5.1551499255598686e-18,2.344175198003526e-17,1.8651990831437706e-14,1.1504239710454958e-15,0.00017699906921380738,0.4999999673640644,4.354172321292029e-12,0.2500000162034345,3.5559172373237094e-13,1.6424189433179107e-16,4.187810125324812e-15,1.6455191771930856e-12,3.661808961256288e-15,1.3012692912274833e-16,6.646409538040022e-14,0.10000000148942309,6.930920858027206e-13,2.2513210220559543e-06,4.678977944046726e-09,0.0003339999974308331,4.3157336659918196e-15,2.0517525482372728e-16,6.834379899238801e-18,2.464750666466185e-12,5.265677592844412e-15
1542048.5156736346,0.048898037660883895,10000.0,250.0,1.0,1.0,21.2875,8.190708971835794e-09,0.00017699177806590553,4.068428504614676e-11,2.033201836953985e-12,4.381917627554561e-12,2.058012564509513e-11,1.5200751650424915e-14,6.337506322571151e-11,6.508564079100871e-19,1.2985812559021464e-17,4.094674206021462e-17,4.506943251734481e-14,1.4265234801790944e-15,0.00017699863730938627,0.4999999528237753,6.357627593960013e-12,0.25000002343771927,3.5563594108066354e-13,5.236519073271305e-16,5.6241476368165196e-15,2.397310235661316e-12,7.20583656812002e-15,3.2918446257403745e-16,1.0844889168592684e-13,0.10000000148911393,1.0022418109331856e-12,2.2492369913021634e-06,6.763008697838335e-09,0.0003339999962551944,4.612548424647295e-15,4.0078730995055375e-16,1.1899140260323503e-17,3.5645469416968075e-12,6.1928972455505955e-15
2229931.9451498934,0.07071067811865467,10000.0,250.0,1.0,1.0,21.2875,1.1808030649375425e-08,0.00017698811755939662,6.894263896881315e-11,2.0359091128111866e-12,6.577451583205188e-12,2.058834710901617e-11,2.934207394795756e-14,7.596248217599477e-11,1.6307363485252091e-18,2.7753130962242882e-17,6.250372266458593e-17,1.0512658763397894e-13,1.8222973915491486e-15,0.00017699800402865725,0.4999999317965984,9.254825920102913e-12,0.2500000339122775,3.556380735625568e-13,1.4547624176006328e-15,7.034687436446377e-15,3.403897050365382e-12,1.2174399393979415e-14,7.074000301418635e-16,1.6603492576127578e-13,0.10000000148866689,1.4492681314642922e-12,2.2462267805501648e-06,9.773219449835044e-09,0.00033399999453606973,5.034806508812908e-15,7.971718096584043e-16,1.9251210522543087e-17,5.155674765114822e-12,7.232667982850688e-15
3224669.282099559,0.1022535921518125,10000.0,250.0,1.0,1.0,21.2875,1.70472734134437e-08,0.00017698283140482146,1.0505199667281199e-10,2.039443212702556e-12,8.533894593502476e-12,2.059044036202709e-11,5.287213665514394e-14,8.458211890657042e-11,3.631333271421529e-18,4.903063754239612e-17,8.301657568471337e-17,2.3271534131218325e-13,2.3946028149345697e-15,0.00017699707848159893,0.4999999013812515,1.3444429765420166e-11,0.25000004908172374,3.5564001037671637e-13,3.571499774734416e-15,8.67260139875344e-15,4.706217102926131e-12,1.829475590602832e-14,1.2563124643630252e-15,2.3449735579298973e-13,0.10000000148802056,2.095642662695652e-12,2.2418810154008197e-06,1.4118984599180081e-08,0.0003339999920235313,5.6450526294139505e-15,1.6076199728642345e-15,2.9451668489490745e-17,7.457566245862106e-12,8.5804579678636e-15
4663143.196604376,0.14786730075483182,10000.0,250.0,1.0,1.0,21.2875,2.46339908329091e-08,0.00017697520230783648,1.4160425467315412e-10,2.04306169139549e-12,9.72669901944253e-12,2.05920818529948e-11,8.95222440669955e-14,8.885780626317733e-11,7.208335125969343e-18,7.063552312734121e-17,9.711385547827886e-17,4.814696384470368e-13,3.2221118890215224e-15,0.00017699573154817774,0.4999998573786441,1.9502972781946467e-11,0.2500000710499352,3.556428073951474e-13,7.965108284051375e-15,1.0774069841708462e-14,6.309955129064357e-12,2.5535568531377618e-14,1.815527476529823e-15,3.0122277958243897e-13,0.10000000148708597,3.0302225897294273e-12,2.235611809267028e-06,2.0388190732972845e-08,0.0003339999883575694,6.5275821200858816e-15,3.2751344551522592e-15,4.3158957578527484e-17,1.0786888985407808e-11,1.0372314106892787e-14
6743297.550773869,0.21382856261966862,10000.0,250.0,1.0,1.0,21.2875,3.5605377728504025e-08,0.00017696420154555262,1.6863859799002464e-10,2.04570644003201e-12,1.0169292764280962e-11,2.059265952008696e-11,1.4404018597160817e-13,9.020468071637346e-11,1.294242688692935e-17,8.450859559356841e-17,1.0352178316559811e-16,9.23400737722567e-13,4.417932835987758e-15,0.00017699377839770045,0.49999979371932657,2.8264183731542302e-11,0.25000010285393326,3.5564685138972654e-13,1.6600450267271105e-14,1.3448328676699423e-14,8.149232399872477e-12,3.4160637185441214e-14,2.1726834930857992e-15,3.5154903390683945e-13,0.10000000148573478,4.3814277375264215e-12,2.226577565728549e-06,2.9422434271451914e-08,0.0003339999830201869,7.80393670414386e-15,6.720490630933029e-15,6.095728225827806e-17,1.559998597045797e-11,1.2710269794800091e-14
9751375.829801848,0.3092140991185264,10000.0,250.0,1.0,1.0,21.2875,5.14333332218592e-08,0.00017694835923731938,1.8184549423796453e-10,2.0468860083240486e-12,1.0257632979938281e-11,2.0591762763310288e-11,2.2332792966941248e-13,9.042710053754839e-11,2.15289681436781e-17,8.939025545680535e-17,1.0523047135268475e-16,1.6480000377770026e-12,6.144856480649751e-15,0.00017699095146676637,0.4999997016373326,4.0933723064899335e-11,0.2500001488750677,3.5565269773627076e-13,3.301430923937641e-14,1.674731887322521e-14,1.0053464891060697e-11,4.444827837306986e-14,2.296643192695802e-15,3.805967806009041e-13,0.10000000148378135,6.334806911529838e-12,2.213578987508043e-06,4.2421012491957725e-08,0.00033399997526269967,9.649948792912203e-15,1.3856904475739584e-14,8.320404798126705e-17,2.2552828547123875e-11,1.5693266052172496e-14
14101310.205884522,0.44714961332713477,10000.0,250.0,1.0,1.0,21.2875,7.420104048539127e-08,0.00017692558650859888,1.8558516479348123e-10,2.047011236628765e-12,1.0266393214984951e-11,2.058947218830498e-11,3.378408227855288e-13,9.043529446438673e-11,3.403252682395115e-17,9.016535020676614e-17,1.054490581643973e-16,2.7816954968313703e-12,8.636057944197527e-15,0.00017698686216111568,0.499999568466135,5.925509217656043e-11,0.25000021544181383,3.556611486280273e-13,6.344078701469852e-14,2.0727513053667343e-14,1.1755789231738814e-11,5.657784024420273e-14,2.316773678352673e-15,3.9686116260275084e-13,0.1000000014809578,9.158351041586601e-12,2.1949184590363336e-06,6.10815409636658e-08,0.00033399996399636133,1.2320046736969817e-14,2.8653781558798385e-14,1.1019863328350428e-16,3.258408152122179e-11,1.94534660162167e-14
20391681.439953674,0.646615976660124,10000.0,250.0,1.0,1.0,21.2875,1.0684689834444515e-07,0.0001768929382316482,1.860787608778636e-10,2.0466880123879886e-12,1.0265928291393878e-11,2.0585872617859985e-11,5.029231493159341e-13,9.042305014224467e-11,5.2123831099561197e-17,9.020067483860715e-17,1.0544782697436959e-16,4.540067777916358e-12,1.2222978427603132e-14,0.00017698094758242182,0.49999937588782106,8.574947285272648e-11,0.25000031170808745,3.5567336215790766e-13,1.1873790164932954e-13,2.5560646500741262e-14,1.298963366067059e-11,7.09675634727221e-14,2.318588448141446e-15,4.1192730222505425e-13,0.10000000147687724,1.3238911720516074e-11,2.168216599973299e-06,8.778340002670006e-08,0.00033399994763071356,1.6182469286477098e-14,5.932212638958063e-14,1.4297571813806565e-16,4.702812570009548e-11,2.42452204154792e-14
29488087.693796553,0.9350611267692971,10000.0,250.0,1.0,1.0,21.2875,1.5347209467295458e-07,0.0001768463100409299,1.860661110157013e-10,2.0461521857954976e-12,1.0264269973606623e-11,2.0580687978815554e-11,7.405674988308625e-13,9.040478995410173e-11,7.828109929912273e-17,9.018888015288212e-17,1.0542953946328227e-16,7.309507910366296e-12,1.7372763974972094e-14,0.00017697239383399123,0.49999909740632265,1.2406221198167125e-10,0.25000045091785356,3.5569100894323166e-13,2.1824173356439673e-13,3.170936472393436e-14,1.3653482506814957e-11,8.891020374452993e-14,2.319328797195077e-15,4.32344727396502e-13,0.10000000147098165,1.913447649883874e-11,2.1301870675048204e-06,1.258129324951787e-07,0.0003339999238347495,2.1770307230484223e-14,1.2276522695334704e-13,1.8458994354025176e-16,6.776658792125607e-11,3.0586646058153176e-14
42642256.765218,1.3521770917433409,10000.0,250.0,1.0,1.0,21.2875,2.1969778579045443e-07,0.00017678007959215093,1.86009824963617e-10,2.04538708840066e-12,1.0261871586403778e-11,2.0573327224334537e-11,1.0820047553064989e-12,9.03789650155932e-11,1.1609653756385073e-16,9.017149588528655e-17,1.0540354065502392e-16,1.1781691853796668e-11,2.4737511333635887e-14,0.00017696002441715603,0.4999986947025298,1.794626663991293e-10,0.2500006522261879,3.5571649629847477e-13,3.980763517126366e-13,4.0060612743735757e-14,1.3888676327625372e-11,1.1301432651748748e-13,2.32025637657725e-15,4.616167628610577e-13,0.1000000014624672,2.7648952392257143e-11,2.0763902377870395e-06,1.7960976221295892e-07,0.0003339998891747633,2.985546702281341e-14,2.535323291094019e-13,2.410379764447018e-16,9.742693685140634e-11,3.9379950060329395e-14
61664292.40555029,1.9553618850060341,10000.0,250.0,1.0,1.0,21.2875,3.1302865551992495e-07,0.0001766867408777762,1.8593007506807021e-10,2.0443088558909638e-12,1.0258497529737287e-11,2.056296609677249e-11,1.5712346208712907e-12,9.034285074017362e-11,1.707600969890025e-16,9.014757315895012e-17,1.0536737648820086e-16,1.9215326178738462e-11,3.5215326523874603e-14,0.00017694213848726617,0.4999981123643352,2.595631852522629e-10,0.2500009433330157,3.5575328756518647e-13,7.283413482408347e-13,5.1926657821439897e-14,1.393677844899172e-11,1.47154076122435e-13,2.3214186859881583e-15,5.03541841573431e-13,0.10000000145017754,3.993862062490029e-11,2.0010299668346837e-06,2.549700331653128e-07,0.0003339998385503688,4.1555686821840437e-14,5.215190431014226e-13,3.212228079226189e-16,1.3962861701989549e-10,5.195102733305102e-14
89171756.99243912,2.8276178650570496,10000.0,250.0,1.0,1.0,21.2875,4.43097300396755e-07,0.0001765566589022909,1.8581911152224696e-10,2.042806489550439e-12,1.0253808919234476e-11,2.0548551970429466e-11,2.2695999988992435e-12,9.029309976992602e-11,2.4976642551674394e-16,9.011543733705819e-17,1.0531796093874395e-16,3.195421128411518e-11,5.001760510513142e-14,0.00017691627720326487,0.4999972702642986,3.7534706756880485e-10,0.25000136429367187,3.5580635378463675e-13,1.3463831158881384e-12,6.905450993409093e-14,1.3944569668479689e-11,1.9642070667655258e-13,2.3227543995466662e-15,5.633369184283992e-13,0.10000000143245359,5.7662570401258744e-11,1.896942901561097e-06,3.590570984389004e-07,0.0003339997643025974,5.848867595920145e-14,1.0660608386256505e-12,4.3698872855448305e-16,1.992540593233837e-10,7.011201137685674e-14
128949866.03953806,4.088973428448061,10000.0,250.0,1.0,1.0,21.2875,6.215257256662345e-07,0.00017637820713799156,1.8566725891357508e-10,2.040746193180425e-12,1.0247404894451283e-11,2.0528830775733083e-11,3.261448355730531e-12,9.022603753680649e-11,3.639334792040985e-16,9.007382344289389e-17,1.0525218912349599e-16,5.4442856681707966e-11,7.072789405116106e-14,0.00017687888667725985,0.4999960525374682,5.426200903629946e-10,0.25000197302908217,3.558828058126622e-13,2.5192559069135242e-12,9.383827666154321e-14,1.3950371135663711e-11,2.6773375965895975e-13,2.32404630984984e-15,6.481476954794534e-13,0.1000000014069232,8.319296817751794e-11,1.7560746362875729e-06,4.999253637124241e-07,0.0003339996547723294,8.29916838944147e-14,2.159047687645736e-12,6.045715612112388e-16,2.8268410039150677e-10,9.638960673864398e-14
186472359.7744598,5.912999739169831,10000.0,250.0,1.0,1.0,21.2875,8.609592576825393e-07,0.00017613873162516277,1.8546423255160023e-10,2.0379827974713357e-12,1.0238867744757934e-11,2.050247256073879e-11,4.6607773621990145e-12,9.01384539784238e-11,5.28868604181621e-16,9.00229968644374e-17,1.0516802288054285e-16,9.520443071554506e-11,9.932499646979493e-14,0.00017682483188362791,0.49999429164539505,7.840088570515644e-10,0.2500028532924737,3.559927647328396e-13,4.758217509522028e-12,1.2968518953782659e-13,1.3958612647225318e-11,3.709365042557947e-13,2.3247950591035916e-15,7.675631889787458e-13,0.10000000137021203,1.199041208979951e-10,1.5709322693982325e-06,6.850677306017648e-07,0.00033399949190003635,1.1842667922420957e-13,4.314763887955851e-12,8.471246652537054e-16,3.9788344013002493e-10,1.3439183286686283e-13
269654727.28132844,8.550695309529694,10000.0,250.0,1.0,1.0,21.2875,1.172714645550614e-06,0.000175826899049925,1.8520136989132943e-10,2.0343873174250037e-12,1.0227864700589776e-11,2.0468363939523084e-11,6.618735485482054e-12,9.002923206955323e-11,7.67079400639007e-16,8.996685762655499e-17,1.050666250911219e-16,1.7064901860549025e-10,1.3812841588589857e-13,0.00017674669631776666,0.4999917453383699,1.1315726288650883e-09,0.25000412618680873,3.561505303174874e-13,9.01710210283544e-12,1.8144840914660883e-13,1.397052358674196e-11,5.20079831604809e-13,2.324082137553568e-15,9.34137759610341e-13,0.10000000131755644,1.725597090052736e-10,1.3376358571798523e-06,9.18364142820145e-07,0.0003339992471130175,1.6958279823816323e-13,8.462694049324925e-12,1.1977484267663531e-15,5.541581207443136e-10,1.8925613784512353e-13
389943432.0084529,12.365025114423291,10000.0,250.0,1.0,1.0,21.2875,1.5628017985777248e-06,0.00017543666778331132,1.8487536888824797e-10,2.0298934622409595e-12,1.021431750429747e-11,2.042609783189735e-11,9.332508554734303e-12,8.990199676791874e-11,1.11101859693375e-15,8.991628482550608e-17,1.0495579229438019e-16,3.12280811007674e-10,1.8962485526717953e-13,0.00017663377506271818,0.49998806335513346,1.629852518746675e-09,0.25000596681344095,3.563760858434024e-13,1.7002715910898748e-11,2.559131963506575e-13,1.3987723193184506e-11,7.348770917318162e-13,2.3205487930584485e-15,1.1638656304740938e-12,0.10000000124230597,2.47810179809306e-10,1.060899942865418e-06,1.1951000571345792e-06,0.0003339988741016376,2.4314890629670885e-13,1.6173769989359355e-11,1.7030022677023222e-15,7.614059803936613e-10,2.681587603144095e-13
563891023.5305918,17.88086705766717,10000.0,250.0,1.0,1.0,21.2875,2.0275425694268595e-06,0.0001749716557219896,1.8449246561793778e-10,2.0245488917230842e-12,1.0198593861741879e-11,2.037652146972302e-11,1.305855322126185e-11,8.976825322084958e-11,1.607492608341618e-15,8.989330376552222e-17,1.0485411913120618e-16,5.800527624754418e-10,2.561861552315231e-13,0.00017647063157860964,0.49998273929654696,2.3385083603931004e-09,0.2500086283341355,3.5669690047961043e-13,3.157688378217847e-11,3.622197199788499e-13,1.4012516073927185e-11,1.0420306551498176e-12,2.3127508583293032e-15,1.4765836987359802e-12,0.10000000113532972,3.5478641903021076e-10,7.598478452102891e-07,1.4961521547897081e-06,0.0003339982958933963,3.481205336843473e-13,2.984963461799562e-11,2.426236011211239e-15,1.0289046296285423e-09,3.8075257601070257e-13
815433881.7315582,25.857238766221403,10000.0,250.0,1.0,1.0,21.2875,2.5531852479552705e-06,0.00017444550154825252,1.840691550656155e-10,2.018520105174675e-12,1.0181551473651782e-11,2.0321835002133935e-11,1.813799440904361e-11,8.964890467028093e-11,2.3240735172361076e-15,8.99341371867925e-17,1.047935109801102e-16,1.0865849515914787e-09,3.398164004839057e-13,0.000176235039034052,0.4999750410866782,3.332240171365735e-09,0.2500124767407219,3.5714979652646003e-13,5.707723148099371e-11,5.118587376592854e-13,1.4048143349755841e-11,1.4754312647110175e-12,2.300135832454646e-15,1.896244655562982e-12,0.10000000098440522,5.057109676782724e-10,4.7043212180397697e-07,1.7855678781960202e-06,0.00033399738152862363,4.957747555630763e-13,5.2634640114598087e-11,3.448446639754676e-15,1.3642724476027268e-09,5.39142540361265e-13
1179186026.6059425,37.39174361383633,10000.0,250.0,1.0,1.0,21.2875,3.127049754191493e-06,0.00017387067640318174,1.8362275834023162e-10,2.0119634025927098e-12,1.0164142898439285e-11,2.0264367881205494e-11,2.5045621883404453e-11,8.957046998676923e-11,3.3584404651308674e-15,9.008769405852429e-17,1.0481585339530378e-16,2.040264888388031e-09,4.4217077761203e-13,0.0001758950652247547,0.4999639105150706,4.693373548529644e-09,0.25001804108765757,3.5778223559865457e-13,9.90945899554862e-11,7.175209102415144e-13,1.4099082813234646e-11,2.07322746449947e-12,2.284313319148583e-15,2.450405659101627e-12,0.10000000077380715,7.163090128266375e-10,2.371543081622126e-07,2.0188456918377824e-06,0.00033399590426024504,6.984958883936972e-13,8.770448998085259e-11,4.861868466989841e-15,1.7738208378700653e-09,7.566301152367944e-13
1705202244.4665277,54.07160846228208,10000.0,250.0,1.0,1.0,21.2875,3.763812110455711e-06,0.000173232124225788,1.8314862574349212e-10,2.0047199599328914e-12,1.0146441452199358e-11,2.0203614637067092e-11,3.446286437043722e-11,8.955430433632231e-11,4.8519037501188466e-15,9.04080848876345e-17,1.0496197978937332e-16,3.820404742352501e-09,5.647972725759017e-13,0.0001754049922990722,0.4999478181315587,6.490604970494586e-09,0.2500260860557218,3.586516051594584e-13,1.6301718104746116e-10,9.898396852162203e-13,1.4171380287236626e-11,2.8690677825040544e-12,2.2691003392938615e-15,3.1663299150139067e-12,0.10000000048457784,1.00553828084746e-09,9.076397031906118e-08,2.165236029680932e-06,0.0003339934687937048,9.664979661411358e-13,1.3688272243955437e-10,6.749477564555071e-15,2.264402422658105e-09,1.0442036804208953e-12
2465865969.34411,78.19209694774575,10000.0,250.0,1.0,1.0,21.2875,4.532929849031014e-06,0.00017245971072061615,1.825964549104423e-10,1.9959975245386806e-12,1.0126633747399622e-11,2.0133157085233972e-11,4.73354209765152e-11,8.960606814530877e-11,7.008700697576649e-15,9.09488005411205e-17,1.0526155555372271e-16,7.102859790972646e-09,7.08537973322067e-13,0.00017469971260686534,0.4999245536404085,8.73979632362137e-09,0.2500377167779705,3.5981984290540663e-13,2.5114799936304285e-10,1.331526566547123e-12,1.4272982272319611e-11,3.876068120082979e-12,2.2578058348837675e-15,4.0588288412829075e-12,0.10000000009638656,1.3937295545755388e-09,2.6270698157092657e-08,2.2297293018429014e-06,0.00033398939210882884,1.3019525375009717e-12,1.994418363273768e-10,9.146147798591213e-15,2.842297997292021e-09,1.4042469445900339e-12
3565849739.2323394,113.07235347641867,10000.0,250.0,1.0,1.0,21.2875,5.559825379865679e-06,0.00017142684962237213,1.8187015243998807e-10,1.984356556084902e-12,1.0101047012505747e-11,2.0040657312337623e-11,6.483511718672219e-11,8.971961591240721e-11,1.0123173992669127e-14,9.177349162249181e-17,1.0574073410482242e-16,1.3050455378693133e-08,8.704402513365756e-13,0.00017368727261315517,0.49989092304219784,1.1353295260106855e-08,0.25005453030296004,3.61339200947209e-13,3.598369132006595e-10,1.7299752158451183e-12,1.4414016759222992e-11,5.066400688773109e-12,2.2498958170924454e-15,5.108426224453884e-12,0.09999999959241167,1.8977044721131086e-09,8.970830606256876e-09,2.2470291693937374e-06,0.0003339825273994933,1.6916122838012118e-12,2.7223991383900286e-10,1.198776572445991e-14,3.5015126758855476e-09,1.8226313831153194e-12
5156518854.171731,163.5121402261457,10000.0,250.0,1.0,1.0,21.2875,7.002804821496372e-06,0.00016997334368543576,1.8084943265296015e-10,1.967977490952412e-12,1.0065130620814744e-11,1.991068206080569e-11,8.81678295803296e-11,8.989463804583323e-11,1.4618017816081007e-14,9.298407539595759e-17,1.064473459175284e-16,2.355333940885589e-08,1.039138948957327e-12,0.00017223947005511368,0.49984231087208025,1.4101192728435593e-08,0.25007883450529106,3.632243527744743e-13,4.789680680818593e-10,2.151626830411207e-12,1.4606934599888266e-11,6.355451765879034e-12,2.2419158115928126e-15,6.241770299258775e-12,0.09999999896887285,2.5212432847649772e-09,6.642977035577599e-09,2.2493570229644162e-06,0.0003339710419490599,2.1012455870367086e-12,3.5039457903536037e-10,1.5069614749949523e-14,4.204769949249905e-09,2.2627413545409777e-12
7456760278.169419,236.45231729355083,10000.0,250.0,1.0,1.0,21.2875,9.046686231462579e-06,0.00016791153180299736,1.7939627244201158e-10,1.9447329714408636e-12,1.0013768005041121e-11,1.9725537937077662e-11,1.182049894455611e-10,9.0147004382333e-11,2.1098180797410582e-14,9.474695821842088e-17,1.0746963307473724e-16,4.145397858569616e-08,1.1941680895659333e-12,0.00017018102799745664,0.499772047341063,1.6627830896314248e-08,0.2501139645067218,3.6541005593735555e-13,5.942860285275018e-10,2.5442389062645137e-12,1.4866545340763434e-11,7.607574334894261e-12,2.2309767268301632e-15,7.336949797095303e-12,0.09999999824947374,3.240642397920825e-09,6.523175290672698e-09,2.249476824709321e-06,0.0003339521937571738,2.478022774395395e-12,4.271144064180215e-10,1.8055473974517235e-14,4.879882090111587e-09,2.668013427223287e-12
10783102984.506907,341.9299525782251,10000.0,250.0,1.0,1.0,21.2875,1.1922054905985891e-05,0.0001650068961021797,1.7733743911911937e-10,1.911960915454817e-12,9.940507524644409e-12,1.9462950807826945e-11,1.5485456809624563e-10,9.050602756464257e-11,3.042606014817765e-14,9.731426228301303e-17,1.0894244318656068e-16,7.068536018402923e-08,1.313847367965175e-12,0.00016727909200295183,0.499670494071405,1.8574394659820903e-08,0.25016473972764774,3.6770866196017644e-13,6.924130121905103e-10,2.8549536403777886e-12,1.521060800637874e-11,8.686801669120695e-12,2.21523628073982e-15,8.271501507202082e-12,0.09999999749993253,3.990183570967669e-09,6.523034534260747e-09,2.2494769654657334e-06,0.0003339221541100281,2.7685998653227337e-12,4.953844530464313e-10,2.0598283568653967e-14,5.4504274428469745e-09,2.9813109853133332e-12
15593274510.230906,494.45949106516065,10000.0,250.0,1.0,1.0,21.2875,1.5920411496412947e-05,0.0001609627763041784,1.7444807667304052e-10,1.866280790902233e-12,9.836758294751377e-12,1.909381928401879e-11,1.961190757198292e-10,9.101145551391896e-11,4.3824393067409175e-14,1.0105800096349225e-16,1.11057035914053e-16,1.1640938638072269e-07,1.3884766648132744e-12,0.00016323685102894144,0.49952372623096947,1.9780895485520374e-08,0.2502381226859102,3.698102090952005e-13,7.686550360633395e-10,3.060777226399383e-12,1.5662886408312153e-11,9.546640097689516e-12,2.1927742479290815e-15,9.002855768379483e-12,0.09999999682818735,4.6619287709206156e-09,6.525251696933174e-09,2.2494747483030605e-06,0.0003338757974691606,2.9492116923070926e-12,5.533631070269995e-10,2.2563160733153662e-14,5.888590713605223e-09,3.1772145571548826e-12
22549187400.02521,715.0300418577249,10000.0,250.0,1.0,1.0,21.2875,2.1390863632305014e-05,0.00015542315201841394,1.7044652100874688e-10,1.8036120706924774e-12,9.691323128121915e-12,1.8581337447182345e-11,2.371557499884568e-10,9.171312858409002e-11,6.301249046305423e-14,1.0652913519464136e-16,1.1407974073839384e-16,1.8554385243487728e-07,1.4263858213687542e-12,0.00015769830290712872,0.4993116390684069,2.0379851159874977e-08,0.25034416566502116,3.7138464994814817e-13,8.316072557348832e-10,3.183329864613455e-12,1.626164051926855e-11,1.0282014989343633e-11,2.1611606425970446e-15,9.613394017581565e-12,0.09999999635019319,5.1399229128872194e-09,6.5284628128739025e-09,2.2494715371871187e-06,0.0003338061339473138,3.0397097648385495e-12,6.082609038552997e-10,2.4159020079835186e-14,6.243198736782036e-09,3.277137605446869e-12
32608022905.506226,1033.9936233354333,10000.0,250.0,1.0,1.0,21.2875,2.8711356008323112e-05,0.00014800010587015327,1.6500342273457877e-10,1.7194678724959972e-12,9.49031757789835e-12,1.7881861774632722e-11,2.7029480507151985e-10,9.266937194110325e-11,9.037580007293989e-14,1.1455178959782826e-16,1.1837700567713802e-16,2.880692664010117e-07,1.4439934169662682e-12,0.00015027573897459257,0.49900523495245463,2.0637418937984472e-08,0.25049736729601757,3.722799487450043e-13,8.978643509062833e-10,3.265383910200239e-12,1.707480846646172e-11,1.1074779410482587e-11,2.1173953367006738e-15,1.0259156151795716e-11,0.09999999612349801,5.366618079593438e-09,6.533123649530896e-09,2.2494668763504615e-06,0.0003337030463803921,3.0799247174940585e-12,6.738274037692981e-10,2.5801851245723807e-14,6.606333081121007e-09,3.324008752480507e-12
47153945680.75787,1495.2418087505669,10000.0,250.0,1.0,1.0,21.2875,3.822151046706877e-05,0.00013833898667129293,1.5777541081435975e-10,1.6096767822565478e-12,9.21789293998036e-12,1.69488746910016e-11,2.8733232542718274e-10,9.39409135165905e-11,1.2915539916364045e-13,1.2637095641152886e-16,1.2444518277439381e-16,4.390233602979953e-07,1.4522922313509117e-12,0.00014061473665544073,0.4985627465538654,2.0741809126658958e-08,0.2507186111019184,3.7264159253580577e-13,9.840422255421167e-10,3.3385190391692017e-12,1.8217093027537846e-11,1.2111437344572556e-11,2.058043099933169e-15,1.109248973452149e-11,0.09999999610757501,5.382541091667485e-09,6.53992465122817e-09,2.2494600753487636e-06,0.0003335513621916156,3.098109581728765e-12,7.662035842373432e-10,2.790616197163183e-14,7.063499598333152e-09,3.348376138983431e-12
68188574318.26701,2162.245507301719,10000.0,250.0,1.0,1.0,21.2875,5.010915413532076e-05,0.00012622931947220797,1.4847502551182995e-10,1.4716438107736577e-12,8.858446709047518e-12,1.5741752912922754e-11,2.8401115770026474e-10,9.557753287778148e-11,1.836162315505336e-13,1.438822226760718e-16,1.3294390302824188e-16,6.610583617443862e-07,1.4542787853271173e-12,0.00012850498079224786,0.4979241257822394,2.076673479543459e-08,0.2510379210447727,3.7276095751462064e-13,1.1064740905683643e-09,3.4166603549978296e-12,1.9862588210666372e-11,1.3580204761967421e-11,1.979715699672065e-15,1.2255015922577607e-11,0.099999996215851,5.274265061656923e-09,6.5499113355423294e-09,2.2494500886644495e-06,0.00033332830048941734,3.1054708570108616e-12,9.055388114723758e-10,3.087374821737866e-14,7.686359308761673e-09,3.3624583335399678e-12
98606417775.45288,3126.7889959237978,10000.0,250.0,1.0,1.0,21.2875,6.426635974778713e-05,0.00011174533075769992,1.369781429415871e-10,1.3059995116785563e-12,8.400904825677855e-12,1.4239946519328182e-11,2.6302099757026463e-10,9.759616169285427e-11,2.5910558148441136e-13,1.699832069036974e-16,1.4473471954083816e-16,9.87872340768157e-07,1.446944933359117e-12,0.0001140207386036497,0.49700327873105754,2.0706865418758125e-08,0.25149834402188337,3.7282462966325505e-13,1.2849253567188279e-09,3.5000679689951757e-12,2.226147100951484e-11,1.570765784392377e-11,1.8800231762098266e-15,1.3903346765373339e-11,0.0999999964012802,5.088835903864518e-09,6.564692413563265e-09,2.2494353075864283e-06,0.00033300001471338493,3.1014286569957028e-12,1.1219198780271189e-09,3.5186239345073125e-14,8.543083345413442e-09,3.3656903847035316e-12
142593179630.42352,4521.600064384307,10000.0,250.0,1.0,1.0,21.2875,8.017043857248543e-05,9.536063226323588e-05,1.234443986802756e-10,1.1180362451959574e-12,7.844828264057386e-12,1.2459949655484606e-11,2.3127685303350354e-10,9.995306787527436e-11,3.6186775825210365e-13,2.090957787760426e-16,1.6093639587622335e-16,1.4685350577469738e-06,1.4220422748686325e-12,9.763555356786788e-05,0.49567726447091126,2.0497074865872057e-08,0.25216135046038723,3.7289240058098625e-13,1.5461225738375137e-09,3.5761499125270245e-12,2.578161905809672e-11,1.8791770402450634e-11,1.7589359648136275e-15,1.6223359234008597e-11,0.09999999666523568,4.824880395842931e-09,6.586815303213069e-09,2.2494131846967794e-06,0.0003325172478803427,3.0763551312858445e-12,1.4634610535743923e-09,4.1506721157334106e-14,9.697495226089725e-09,3.347554539674235e-12
206201739560.36282,6538.614268149506,10000.0,250.0,1.0,1.0,21.2875,9.687290667221194e-05,7.7954722663272e-05,1.0839305716340928e-10,9.17982004897718e-13,7.206318636149385e-12,1.0467704250192513e-11,1.9457099043368115e-10,1.0251810350076886e-10,4.984993866053744e-13,2.679161738573174e-16,1.8303130379691728e-16,2.1720252874970487e-06,1.3672418692751587e-12,8.022880560351196e-05,0.4937715562273102,2.0032953891905603e-08,0.2531142037279941,3.730188932205484e-13,1.9282520224883964e-09,3.6204452057504857e-12,3.0987075459581e-11,2.323947198754504e-11,1.6201213860467474e-15,1.9435050948563333e-11,0.09999999701892952,4.471186512367339e-09,6.620482416611215e-09,2.2493795175833805e-06,0.00033181078064180807,3.0143544424327192e-12,2.0079086414997906e-09,5.083547418793608e-14,1.119593101745278e-08,3.2905172200936998e-12
298185071038.61444,9455.38657529853,10000.0,250.0,1.0,1.0,21.2875,0.00011314873249264805,6.066068300990335e-05,9.266776415692242e-11,7.194555902192977e-13,6.520043409138257e-12,8.376782740954788e-12,1.563355847448568e-10,1.0505917453128973e-10,6.751500002092933e-13,3.5644148902898565e-16,2.130883941899908e-16,3.1902890871295754e-06,1.2688106072529333e-12,6.293345378351447e-05,0.4910405135801797,1.9196234452502435e-08,0.2544797240299539,3.7333292702078644e-13,2.487980097208651e-09,3.599703440167142e-12,3.8771030271235294e-11,2.9614966155305486e-11,1.4714483207317734e-15,2.378551234402357e-11,0.09999999746026107,4.029854961404613e-09,6.673020302042111e-09,2.2493269796979513e-06,0.0003307883658648496,2.896632761964186e-12,2.877504874256405e-09,6.47818353042657e-14,1.3037587769104667e-08,3.173746329000342e-12
431200710429.8694,13673.284830982668,10000.0,250.0,1.0,1.0,21.2875,0.00012776158548791385,4.460104192816522e-05,7.72724808286596e-11,5.365511722273884e-13,5.834588521704815e-12,6.328118964910601e-12,1.1917789115061168e-10,1.0723016870861369e-10,8.971194317112561e-13,4.891932971276837e-16,2.5416405584412996e-16,4.637124641743139e-06,1.1169315879853164e-12,4.687194856313699e-05,0.4871427039600401,1.7896690109768123e-08,0.2564286276417257,3.7407546375290864e-13,3.3160973163865887e-09,3.4806105543969746e-12,5.0588756604328077e-11,3.8741248972273995e-11,1.3240489021961364e-15,2.954626026879175e-11,0.09999999796570845,3.524407553171709e-09,6.758179209838463e-09,2.249241820790156e-06,0.00032933583861127774,2.7072817077971175e-12,4.2537265970503626e-09,8.612614850229946e-14,1.5134450914927118e-08,2.9796450179474134e-12
623552520679.8375,19772.720721709713,10000.0,250.0,1.0,1.0,21.2875,0.00013971387546729726,3.064513852263023e-05,6.315029456439567e-11,3.810766798120477e-13,5.202707085862046e-12,4.459218215071172e-12,8.534941677755388e-11,1.0852135156625932e-10,1.1701618260948012e-12,6.85813943260755e-16,3.1076082846662415e-16,6.640779796893657e-06,9.126695386606973e-13,3.291363730093689e-05,0.4816121660746293,1.6125900140870337e-08,0.25919389513938723,3.756040754916455e-13,4.580271311150402e-09,3.244080084366463e-12,6.885105250828415e-11,5.197466562801981e-11,1.1903073686333635e-15,3.7064095830837065e-11,0.09999999849393015,2.9961857367381603e-09,6.904356294516981e-09,2.249095643705476e-06,0.00032732449784185686,2.4410825149290585e-12,6.380994178568597e-09,1.2007051669268136e-13,1.72815208976889e-08,2.702759687537898e-12
901709428211.6584,28593.018398390996,10000.0,250.0,1.0,1.0,21.2875,0.0001483619953211301,1.930599222615632e-05,5.102789477459439e-11,2.613445394083579e-13,4.672380672490519e-12,2.879009074149479e-12,5.652808403790434e-11,1.0808195773843282e-10,1.504664931536278e-12,9.668536804337529e-16,3.883704782526133e-16,9.331839864614947e-06,6.729806912159968e-13,2.157163779678144e-05,0.4738299971669733,1.399718356204575e-08,0.263084977617038,3.7836213425806813e-13,6.651524290007509e-09,2.8991875034251244e-12,9.74422357613685e-11,7.193122799926619e-11,1.0821842372349214e-15,4.695734515451111e-11,0.09999999900016038,2.4899555008977323e-09,7.177717799119775e-09,2.2488222822008744e-06,0.0003246231564017325,2.110018745029586e-12,9.528220395449261e-09,1.7704628757760654e-13,1.9168485347358374e-08,2.3572903043095546e-12
1303947728475.74,41347.91122766806,10000.0,250.0,1.0,1.0,21.2875,0.0001533753167885978,1.0788373960399923e-05,4.1401114715948625e-11,1.8234168686104294e-13,4.283913698255348e-12,1.6589130933031407e-12,3.381463203217246e-11,1.0428884186308995e-10,1.9207541061102432e-12,1.3292499522781359e-15,4.880741856414113e-16,1.2836160684936038e-05,4.304045791588515e-13,1.3050825545922933e-05,0.4630069189265122,1.1750183170737771e-08,0.26849651327132246,3.8283320674524625e-13,1.0514915357285175e-08,2.4901971723003466e-12,1.416212513217845e-10,1.0421290998432164e-10,1.0113766322746527e-15,6.058232227625118e-11,0.09999999945187028,2.0382455979469058e-09,7.756699932300165e-09,2.2482433000676947e-06,0.0003211050278766558,1.746166153001011e-12,1.3827485617534622e-08,2.7855254342780877e-13,2.046955156456056e-08,1.9801353120597422e-12
1885618166341.203,59792.559815487155,10000.0,250.0,1.0,1.0,21.2875,0.00015461543789553538,5.0873703770506265e-06,3.460399610957336e-11,1.4459964130683672e-13,4.071246012610131e-12,8.332919955534932e-13,1.7922804212713076e-11,9.430018069483663e-11,2.440567672074547e-12,1.672378015981728e-15,5.871597475380316e-16,1.729705673227041e-05,2.261826731303484e-13,7.346079104010659e-06,0.4481975006390626,9.71195070916022e-09,0.27590121427666997,3.894974036173711e-13,1.9244452024647734e-08,2.0920623024908476e-12,2.0410245532302719e-10,1.5980425677314143e-10,9.920912384030823e-16,8.044902343588439e-11,0.09999999983605197,1.6540639352172789e-09,9.203122691821883e-09,2.2467968773081716e-06,0.0003166246733396751,1.4006683890693254e-12,1.887098055123e-08,4.628314682667969e-13,2.1036988382124718e-08,1.627697717719101e-12
2726762577662.728,86465.07412679883,10000.0,250.0,1.0,1.0,21.2875,0.00015206938273972529,1.9710741391457083e-06,3.0732836598092304e-11,1.3876718537706634e-13,4.0552647648747626e-12,3.861768582147823e-13,9.05907602878074e-12,7.696488808509905e-11,3.0384338689417048e-12,1.7732965019096781e-15,6.288555116575483e-16,2.2959412195619662e-05,9.485111300106234e-14,4.223916167221965e-06,0.42837870043893655,8.176397128269045e-09,0.28581059146461674,3.9877931295679716e-13,4.2698197869168945e-08,1.7805991789999222e-12,2.7430596921076924e-10,2.449985508828308e-10,1.0469292763045223e-15,1.0645176610176036e-10,0.10000000015651297,1.3336029334957635e-09,1.3376720494162907e-08,2.2426232795058296e-06,0.0003109297871344263,1.129469045170609e-12,2.3333103469941113e-08,7.40711575792153e-13,2.1078971861746757e-08,1.3555778238726414e-12
3943128194065.3853,125035.77479913068,10000.0,250.0,1.0,1.0,21.2875,0.00014591482242549156,7.875645040571449e-07,2.9267318276539406e-11,1.458623611179847e-13,4.2204273860441736e-12,2.2209889408156137e-13,6.1062629711177336e-12,6.325949712986455e-11,3.664682117932743e-12,1.7319603208622672e-15,6.544032227081762e-16,3.029747839670265e-05,4.001432394989654e-14,3.029278649370085e-06,0.4026304389024082,7.174820753945147e-09,0.29868467021695577,4.109659243935527e-13,9.50909368333947e-08,1.5714233080852741e-12,3.317930616608222e-10,3.150974049123237e-10,1.2055248685210083e-15,1.2774399360183486e-10,0.10000000042453908,1.0655767780828645e-09,2.336960227751214e-08,2.232630397722482e-06,0.0003035341154471272,9.491084844161876e-13,2.5947194148951597e-08,9.413740381012238e-13,2.0972372274250713e-08,1.17286729878168e-12
5702095254718.041,180812.25439872022,10000.0,250.0,1.0,1.0,21.2875,0.00013640665304887913,5.150422486083062e-07,2.8992308348733184e-11,1.5359102330645055e-13,4.505880385819087e-12,1.8880587643087534e-13,6.208113901130792e-12,6.220874715485276e-11,4.636461268825989e-12,1.9292968168311167e-15,8.098866066382301e-16,4.0078154481505047e-05,2.7388837072606135e-14,2.7463353629789927e-06,0.37043518861694513,6.460931637148989e-09,0.3147822503667085,4.2608227291471836e-13,1.4037637879460937e-07,1.409043213777027e-12,3.78555102392118e-10,3.2856725490989734e-10,1.4388532527404806e-15,1.4329553292319363e-10,0.10000000064909792,8.410179273331999e-10,3.292646960112607e-08,2.2230735303988685e-06,0.0002937053907644583,8.192683203612762e-13,2.7348545462729496e-08,9.442236628364116e-13,2.0904239315481107e-08,1.0366274378284442e-12
8245709673556.404,261469.73850698897,10000.0,250.0,1.0,1.0,21.2875,0.0001234020498434632,4.479547333925936e-07,2.8862620601935853e-11,1.5919161008598417e-13,4.840100661795525e-12,1.8340141176814944e-13,7.044035933482328e-12,6.593321804458502e-11,6.69677859426037e-12,2.3167454033864135e-15,1.1177082895318358e-15,5.314982335950946e-05,2.5216345757452734e-14,2.67432362671073e-06,0.3320485806938838,5.816640760356531e-09,0.3339755396592241,4.4374863848920933e-13,1.5525887950625056e-07,1.2498422178466613e-12,4.310571862888215e-10,3.1766207516364523e-10,1.7072229854831004e-15,1.583139300922107e-10,0.10000000083314835,6.569675460682073e-10,3.7082238863865574e-08,2.2189177611361284e-06,0.00028061544901277375,7.002315533074153e-13,2.901420951963343e-08,8.829453229692612e-13,2.0959700824377722e-08,9.094543122498266e-13
11923990214706.387,378107.249324784,10000.0,250.0,1.0,1.0,21.2875,0.00010636114624519776,3.8548046261491587e-07,2.828152923443493e-11,1.599760443267039e-13,5.132420006526516e-12,1.7505561340304463e-13,8.094905028964654e-12,6.894279760005719e-11,1.0782444060871637e-11,2.780698792806897e-15,1.5936229336362992e-15,7.025317112354938e-05,2.3716018213804844e-14,2.6064346352231048e-06,0.2887910067203206,5.177106289915923e-09,0.35560431199386217,4.631017194032817e-13,1.6995878011813165e-07,1.0888514119583039e-12,4.975671234321759e-10,3.02509910123502e-10,2.068214645893205e-15,1.8056935203358815e-10,0.10000000097884908,5.112668046615551e-10,4.178790407737157e-08,2.214212095922621e-06,0.0002634908511509134,5.81591173225521e-13,3.2116214575479065e-08,8.359986355561091e-13,2.1299287039756944e-08,7.817427334684171e-13
17243093471552.01,546774.9071395234,10000.0,250.0,1.0,1.0,21.2875,8.472975100178709e-05,2.996406583158075e-07,2.6544186587541024e-11,1.5069088732539953e-13,5.203261245524781e-12,1.5581223917640435e-13,9.249280310733756e-12,6.80388003203866e-11,1.787234493720544e-11,3.1754051716934948e-15,2.2348127691199582e-15,9.197036407018272e-05,2.1397849798781208e-14,2.5105778353074652e-06,0.24303953087103264,4.564980473940881e-09,0.3784800176483603,4.828977692976794e-13,2.019304708908795e-07,9.329936708464028e-13,5.813668792252632e-10,2.8671299176334777e-10,2.610887916855856e-15,2.1702591912382778e-10,0.10000000109078994,3.993259813193747e-10,5.1183992234893705e-08,2.2048160077651005e-06,0.0002417276659311469,4.676603284313444e-13,3.864561910885925e-08,8.4361718045738e-13,2.2240781053933715e-08,6.577005954203558e-13
24934964480428.45,790682.5367969447,10000.0,250.0,1.0,1.0,21.2875,5.83175468460685e-05,1.9687266249100743e-07,2.2388037001891588e-11,1.2377428332009389e-13,4.701464422142781e-12,1.2092978170985925e-13,1.0241688077612323e-11,5.913363874057177e-11,2.760427917677929e-11,3.1849739193205023e-15,2.8410111159010576e-15,0.00011848528045079613,1.8413540256208012e-14,2.386417758813008e-06,0.197789594375291,4.008271458577558e-09,0.4011049111037388,5.017989362501574e-13,2.757215822573385e-07,7.888523888190625e-13,6.847167025137751e-10,2.7089162480835464e-10,3.6482902943910845e-15,2.7569874535237525e-10,0.10000000117476175,3.1535415198130543e-10,7.207243251309447e-08,2.1839275674868992e-06,0.00021510395319681926,3.637223948472038e-13,5.5012523219180086e-08,9.969689432703222e-13,2.4469422718225257e-08,5.420267462644854e-13
36058057370390.44,1143393.4985537303,10000.0,250.0,1.0,1.0,21.2875,2.7843323893095962e-05,9.667595331450707e-08,1.3693988932111023e-11,7.08961926746121e-14,3.0311625906723116e-12,6.697120570363152e-14,9.862150735428848e-12,3.705632729210774e-11,3.345177695098878e-11,2.276107340488067e-15,2.6455368463511426e-15,0.00014905963516314015,1.6165135128443753e-14,2.230923547723544e-06,0.15591999623894348,3.489949929000913e-09,0.4220395122456527,5.187051859060393e-13,4.7104915772235424e-07,6.607209326238168e-13,8.100727761869347e-10,2.5701853134945493e-10,6.982498069171346e-15,3.6772910658553677e-10,0.10000000123623219,2.5388365768192355e-10,1.269719720578672e-07,2.1290280279421276e-06,0.00018420020639493842,2.7168289274033227e-13,1.193321925450578e-07,1.81031900883491e-12,2.981513952592125e-08,4.3575648776930065e-13
52142985900256.234,1653443.236309495,10000.0,250.0,1.0,1.0,21.2875,2.8306448184701013e-07,1.2239413522008137e-08,2.820195313100774e-13,9.193072278678822e-16,4.8736268721431826e-14,2.4530938618798535e-15,1.204206640092562e-12,1.6806042117880697e-12,1.4746210605850995e-11,1.4037211423585836e-16,2.147295709182994e-16,0.00017670424917390045,4.026990957552233e-14,1.8830121500064578e-06,0.1195159090933802,2.460522053928464e-09,0.4402406153098774,5.329792830415379e-13,1.4052343002060755e-06,5.492896395653695e-13,9.725366807514474e-10,2.7340611754511543e-10,3.334972595555899e-14,5.288916067006115e-10,0.10000000127744788,2.1266806441813615e-10,3.8972336593516244e-07,1.866276634064829e-06,0.00014833136930919325,1.8207814326777113e-13,3.757616894223785e-06,4.476148273875655e-11,4.302047511158624e-08,3.274647158144721e-13
75403146394319.33,2391018.0870852144,10000.0,250.0,1.0,1.0,21.2875,3.97783573961094e-08,3.104182255572212e-09,7.050864957562745e-14,1.5275913477356354e-16,1.0696974111315765e-14,5.622475128556786e-16,7.977603111590972e-13,5.029923557995263e-13,2.9759861582396405e-12,4.3249131642631384e-17,9.037911001633365e-17,0.0001769564739341367,5.0035658525652175e-14,1.4878037412670992e-06,0.08950936462132311,1.2224374720026471e-09,0.45524263986462604,5.445227323499048e-13,2.6529608986608874e-06,4.0847414378490395e-13,1.1219698258574066e-09,2.8900887960131874e-10,1.2365663945557046e-13,7.389937265149203e-10,0.10000000128950773,2.0060815904606292e-10,7.750143318328385e-07,1.4809856681671569e-06,0.00011743286399058583,1.0426689360399364e-13,1.8456439542697274e-05,1.3903452758728822e-10,4.3515106014432406e-08,2.271132226289934e-13
109039296235147.36,3457613.4016726078,10000.0,250.0,1.0,1.0,21.2875,2.9789780382230076e-08,2.371794448193273e-09,7.38215239499398e-14,1.2157672817592834e-16,1.1456156174146827e-14,4.332792442586762e-16,7.978847621803817e-13,4.1783578166943727e-13,2.401733875301708e-12,3.439864635232103e-17,9.91421286691084e-17,0.00017696711555146503,5.1449129107986415e-14,1.420215682032327e-06,0.06590899518554268,8.40635087342525e-10,0.46704245797131555,5.534240691143973e-13,3.0195707829344204e-06,3.530627461210062e-13,1.1985208388177717e-09,2.8079807944514284e-10,2.0207159162446029e-13,8.189167636975464e-10,0.10000000129395516,1.9616074128081162e-10,8.416258652472779e-07,1.4143741347527175e-06,0.00010529320353077125,8.371316633828701e-14,2.4337563107502326e-05,1.330640918778414e-10,4.361718944599025e-08,1.9705555203372277e-13
157679999999999.66,4999999.999999989,10000.0,250.0,1.0,1.0,21.2875,2.6583141354630496e-08,2.1215178684697123e-09,9.15728317457742e-14,1.1260269548266926e-16,1.4672641723561697e-14,3.9046616209798456e-16,8.124198816397242e-13,3.9078498661096974e-13,3.0974549037234577e-12,2.937196817324179e-17,1.1725100325126734e-16,0.00017697052758834498,5.2189264228271806e-14,1.3973449004165113e-06,0.048085532462212095,6.239126092856681e-10,0.4759539729652459,5.600406124780772e-13,3.2359972983621296e-06,3.229151485795871e-13,1.2480246361513852e-09,2.7446854027043356e-10,2.9962595044978485e-13,8.629930621180282e-10,0.10000000129609553,1.9402035745041702e-10,8.640945515937044e-07,1.3919054484062908e-06,9.945350684671077e-05,7.354092430228132e-14,2.714753203121497e-05,1.1293260534347022e-10,4.3539946857963366e-08,1.8221039495739777e-13
