19,20
20,157
20,155
20,231
20,288
20,427
20,437
20,457
20,455
20,463
37,38
38,55
38,74
38,87
38,107
38,122
38,132
55,56
56,74
56,87
56,107
56,122
37,75
55,75
74,75
75,87
75,107
37,88
55,88
74,88
87,88
37,108
55,108
74,108
37,123
55,123
37,133
19,22
19,38
19,40
19,56
19,60
19,70
19,75
19,77
19,88
19,90
19,108
19,110
19,123
19,125
19,133
19,135
19,142
19,144
19,156
19,456
19,464
19,483
157,456
180,227
180,464
155,456
155,455
155,464
230,483
37,245
39,245
19,245
180,245
155,245
226,245
230,245
244,245
245,359
245,427
245,438
245,437
245,455
245,463
20,246
246,456
20,244
22,244
24,244
38,244
40,244
56,244
60,244
70,244
75,244
77,244
88,244
90,244
104,244
130,244
108,244
110,244
123,244
125,244
133,244
135,244
142,244
144,244
29,244
31,244
150,244
35,244
156,244
227,244
244,456
244,464
244,483
38,427
40,427
56,427
60,427
75,427
77,427
88,427
90,427
123,427
125,427
142,427
144,427
29,427
31,427
427,456
427,483
230,456
443,456
455,456
457,483
38,455
40,455
70,455
104,455
130,455
150,455
35,455
455,483
19,24
244,377
155,246
246,246
246,288
246,387
246,457
246,463
246,522
155,244
244,246
244,288
244,457
244,463
457,458
19,23
19,43
19,44
19,47
19,53
19,54
19,71
19,73
19,79
19,86
19,320
19,119
19,152
19,153
19,157
19,161
19,160
19,173
19,174
19,193
19,195
19,198
19,203
19,217
19,155
19,232
19,239
19,241
19,275
19,292
19,295
19,78
19,359
19,362
19,365
19,396
19,406
19,440
19,443
19,445
19,446
19,461
19,465
19,474
19,481
19,485
19,487
19,489
19,490
19,493
19,488
19,499
19,500
19,504
19,505
19,508
19,515
37,359
37,443
37,482
37,226
37,230
37,428
37,457
39,443
39,482
41,42
41,43
41,91
41,111
41,126
41,160
41,193
41,241
41,275
41,292
41,78
41,359
41,443
41,258
41,231
41,313
41,355
42,43
43,160
43,292
43,51
43,55
43,87
43,194
43,231
43,313
43,457
39,226
39,230
39,428
19,37
19,226
19,230
19,428
19,457
19,478
155,241
155,359
155,406
155,440
155,443
155,446
155,482
155,487
157,443
37,157
157,226
157,230
157,275
157,288
157,428
157,438
157,455
157,457
157,463
42,180
180,203
180,241
180,359
180,406
180,443
180,446
194,292
41,223
43,223
219,223
223,275
223,292
223,440
223,457
223,461
223,230
223,231
37,155
155,226
155,230
155,275
155,288
155,427
155,428
155,438
155,455
155,457
155,463
226,231
226,230
226,275
226,355
226,359
226,443
226,457
226,482
226,428
230,231
230,275
230,292
230,359
230,443
230,457
230,482
231,461
231,486
230,428
233,241
237,244
237,244
21,244
25,244
23,244
37,244
41,244
42,244
43,244
44,244
47,244
39,244
50,244
53,244
54,244
55,244
61,244
59,244
71,244
73,244
74,244
79,244
76,244
85,244
86,244
87,244
91,244
89,244
107,244
111,244
109,244
122,244
126,244
124,244
132,244
136,244
134,244
141,244
145,244
143,244
152,244
157,244
160,244
173,244
180,244
183,244
186,244
193,244
198,244
200,244
203,244
217,244
219,244
223,244
155,244
232,244
233,244
241,244
244,275
244,279
244,288
244,293
244,292
244,295
244,311
244,313
78,244
244,326
244,320
244,333
244,339
244,355
244,359
244,362
244,365
244,371
244,372
244,386
244,396
244,398
244,397
244,406
244,430
244,438
244,440
244,437
244,443
244,445
244,457
244,455
244,461
244,463
244,465
244,475
244,474
244,478
244,481
244,484
244,482
244,486
244,485
244,487
244,489
244,491
244,490
244,493
244,494
244,497
244,488
244,499
244,500
244,504
244,505
244,506
244,503
244,508
244,509
244,512
244,515
37,246
41,246
43,246
39,246
157,246
194,246
223,246
155,246
226,246
230,246
246,275
246,288
246,292
246,355
246,359
246,438
246,440
246,437
246,443
246,457
246,463
240,246
246,404
241,275
275,482
275,457
37,288
41,288
43,288
39,288
194,288
241,288
275,288
288,292
288,359
288,406
288,443
288,446
288,457
288,461
288,482
288,487
230,288
231,288
288,355
288,428
288,430
241,292
231,292
292,430
292,461
226,244
230,244
244,246
244,355
244,404
244,455
78,313
355,443
355,457
355,482
230,355
355,428
241,359
275,359
292,359
359,457
359,482
359,512
241,397
21,404
23,404
37,404
41,404
43,404
44,404
69,404
19,404
223,404
155,404
231,404
275,404
288,404
292,404
357,404
379,404
393,404
404,428
404,440
404,457
404,465
404,486
404,487
41,406
233,406
275,406
292,406
359,406
397,406
406,428
406,443
406,457
406,482
406,485
406,487
406,512
37,427
39,427
157,427
219,427
223,427
226,427
231,427
230,427
241,427
275,427
288,427
292,427
355,427
359,427
406,427
427,438
427,440
427,437
427,443
427,457
427,461
427,463
231,428
241,428
275,428
292,428
359,428
428,443
428,457
428,461
428,482
427,428
275,437
288,437
437,440
437,443
437,457
437,482
292,438
359,438
438,440
438,443
438,482
37,438
226,438
230,438
288,438
428,438
438,457
438,463
241,440
359,440
406,440
440,443
440,446
440,487
41,440
43,440
59,440
194,440
230,440
231,440
275,440
288,440
292,440
313,440
355,440
397,440
428,440
440,457
440,461
440,465
440,482
440,485
226,437
230,437
428,437
437,455
241,443
59,443
78,443
231,443
275,443
292,443
384,443
397,443
443,457
443,482
443,484
443,512
41,446
233,446
241,446
275,446
292,446
359,446
397,446
406,446
428,446
443,446
446,457
446,482
446,485
446,487
37,455
41,455
43,455
39,455
200,455
219,455
223,455
230,455
241,455
275,455
288,455
292,455
359,455
430,455
438,455
440,455
455,457
455,461
455,463
455,486
226,456
456,457
41,457
161,457
195,457
217,457
219,457
241,457
292,457
363,457
444,457
457,482
231,457
237,457
457,486
226,455
230,455
231,455
428,455
37,463
39,463
194,463
275,463
288,463
292,463
359,463
440,463
443,463
457,463
463,482
226,464
37,463
226,463
230,463
428,463
292,465
195,482
241,482
78,482
482,488
19,482
292,482
397,482
161,485
195,485
203,485
217,485
241,485
241,487
233,487
275,487
292,487
397,487
443,487
457,487
465,487
482,487
482,503
241,512
17,404
19,30
30,244
32,244
30,404
190,244
19,315
244,315
19,84
84,244
19,322
244,322
19,105
105,244
19,328
244,328
19,121
121,244
19,331
244,331
19,131
131,244
19,335
244,335
19,140
140,244
19,337
244,337
19,151
151,244
19,341
244,341
213,244
19,213
244,361
19,361
244,399
19,399
244,382
19,382
114,244
19,114
113,244
19,113
101,244
19,101
244,518
19,518
244,519
19,519
199,244
163,244
216,244
161,244
244,363
67,244
57,244
244,261
244,259
171,244
19,171
244,324
179,244
205,244
244,257
244,308
19,106
244,317
244,476
19,476
244,389
19,389
210,244
244,267
244,345
244,390
196,244
19,196
244,319
19,319
167,244
19,167
244,350
115,244
19,115
41,51
19,25
19,23
19,23
19,41
19,42
19,43
19,43
19,43
19,43
19,44
19,47
19,39
19,53
19,53
19,54
19,61
19,61
19,59
19,71
19,71
19,72
19,73
19,79
19,79
19,79
19,76
19,85
19,86
19,91
19,91
19,89
19,111
19,111
19,119
19,119
19,119
19,119
19,109
19,126
19,126
19,124
19,136
19,136
19,134
19,145
19,145
19,143
19,152
19,157
19,161
19,161
19,161
19,160
19,160
19,169
19,169
19,169
19,179
19,180
19,180
19,181
19,183
19,183
19,183
19,263
19,263
19,263
19,184
19,186
19,186
19,188
19,193
19,193
19,193
19,193
19,194
19,194
19,194
19,194
19,194
19,194
19,195
19,195
19,195
19,195
19,195
19,198
19,200
19,203
19,219
19,219
19,223
19,223
19,155
19,229
19,231
19,257
19,257
19,275
19,275
19,279
19,288
19,288
19,292
19,311
19,311
19,433
19,433
19,313
19,313
19,313
19,313
19,78
19,78
19,326
19,320
19,333
19,339
19,355
19,359
19,365
19,371
19,372
19,373
19,377
19,386
19,397
19,430
19,438
19,440
19,440
19,437
19,445
19,457
19,457
19,460
19,439
19,439
19,205
19,461
19,463
19,486
19,485
19,485
19,485
19,491
19,490
19,494
19,488
19,499
19,499
19,500
19,500
19,504
19,504
19,505
19,505
19,506
19,506
19,503
19,508
19,512
19,515
19,403
20,443
20,457
37,37
37,41
37,355
37,359
37,457
37,482
37,275
37,355
37,359
37,384
37,429
37,457
37,459
37,482
37,512
39,41
39,226
39,231
39,275
39,313
39,313
39,313
39,313
39,355
39,355
39,355
39,359
39,377
41,41
41,41
41,42
41,42
41,43
41,43
41,61
41,61
41,59
41,59
41,76
41,76
41,91
41,91
41,89
41,89
41,111
41,111
41,109
41,109
41,126
41,126
41,124
41,124
41,136
41,136
41,134
41,134
41,160
41,160
41,193
41,193
41,194
41,194
41,200
41,200
41,200
41,257
41,257
41,292
41,292
41,78
41,78
41,355
41,355
41,359
41,377
41,465
41,482
41,482
41,487
41,487
41,506
41,506
41,506
41,506
41,42
41,43
41,43
41,44
41,44
41,50
41,50
41,55
41,59
41,61
41,62
41,63
41,64
41,74
41,74
41,76
41,78
41,80
41,80
41,83
41,87
41,107
41,107
41,109
41,126
41,126
41,194
41,194
41,194
41,313
41,359
41,360
41,429
41,465
41,474
41,475
41,476
41,482
41,153
41,153
41,487
41,489
41,490
42,42
42,42
42,43
42,61
42,61
42,61
42,59
42,59
42,59
42,76
42,76
42,76
42,91
42,91
42,91
42,89
42,89
42,89
42,111
42,111
42,111
42,119
42,109
42,109
42,109
42,126
42,126
42,126
42,124
42,124
42,124
42,160
42,160
42,160
42,193
42,193
42,194
42,194
42,194
42,257
42,257
42,257
42,292
42,313
42,78
42,78
42,78
42,433
42,482
42,487
42,487
42,43
42,61
42,61
42,62
42,76
42,78
42,78
42,79
42,79
42,91
42,91
42,111
42,111
42,126
42,126
42,258
42,359
42,482
42,487
43,43
43,43
43,61
43,61
43,59
43,59
43,76
43,76
43,91
43,91
43,91
43,89
43,89
43,111
43,111
43,109
43,109
43,126
43,126
43,124
43,124
43,160
43,160
43,193
43,194
43,194
43,257
43,257
43,292
43,292
43,313
43,78
43,78
43,482
43,482
43,482
43,487
43,487
43,506
43,506
43,506
43,44
43,55
43,55
43,55
43,59
43,59
43,61
43,61
43,62
43,76
43,76
43,78
43,78
43,87
43,87
43,87
43,91
43,91
43,91
43,111
43,114
43,126
43,313
43,359
43,435
43,465
43,474
43,474
43,475
43,475
43,482
43,482
43,482
43,487
44,200
44,275
44,292
44,313
46,203
47,484
39,41
39,42
39,42
39,42
39,43
39,43
39,61
39,62
39,62
39,76
39,76
39,78
39,79
39,91
39,111
39,126
39,258
39,258
39,230
39,275
39,355
39,359
39,384
39,429
39,459
39,482
39,487
55,313
59,231
59,78
59,78
59,461
59,461
59,461
61,61
61,61
61,76
61,76
61,91
61,91
61,89
61,89
61,111
61,111
61,109
61,109
61,161
61,161
61,161
61,161
61,161
61,160
61,193
61,193
61,193
61,193
61,193
61,257
61,257
61,78
61,78
61,62
61,62
61,78
61,79
61,91
61,91
61,111
61,111
61,258
61,258
62,76
62,76
62,91
62,91
62,89
62,89
62,111
62,109
62,109
62,160
62,160
62,78
63,161
63,161
63,161
63,193
63,193
63,193
64,119
64,195
64,313
65,195
66,440
59,61
59,62
59,62
59,76
59,76
59,78
59,79
59,91
59,111
59,258
59,258
76,76
76,76
76,91
76,89
76,78
78,91
78,89
78,78
78,78
79,91
79,91
79,89
82,200
76,78
76,79
76,91
19,23
19,24
19,25
19,39
19,41
19,42
19,42
19,43
19,43
19,61
19,61
19,62
19,62
19,63
19,63
19,64
19,76
19,78
19,78
19,79
19,79
19,89
19,91
19,91
19,92
19,92
19,111
19,111
19,112
19,112
19,124
19,126
19,126
19,127
19,127
19,136
19,136
19,137
19,137
19,143
19,145
19,145
19,146
19,146
19,155
19,157
19,258
19,258
19,180
19,182
19,185
19,189
19,225
19,288
19,292
19,303
19,312
19,355
19,360
19,365
19,384
19,397
19,429
19,437
19,442
19,457
19,459
19,463
19,490
19,491
19,492
19,494
19,495
19,499
19,499
19,499
19,500
19,501
19,503
19,504
19,505
19,506
19,507
19,511
19,511
19,512
37,155
41,155
39,155
155,157
155,219
155,219
155,219
155,223
155,223
155,223
155,155
155,226
155,226
155,231
155,275
155,275
155,275
155,275
155,288
155,288
155,288
155,292
155,292
155,355
155,355
155,355
155,359
155,377
155,427
155,438
155,440
155,440
155,437
155,457
155,457
155,457
155,455
155,461
155,461
155,463
155,482
155,482
39,157
157,223
157,223
157,231
157,275
157,275
157,275
157,288
157,292
157,292
157,292
157,355
157,359
157,440
157,440
157,457
157,455
157,461
157,461
157,482
37,157
39,157
39,157
41,157
157,180
157,225
157,230
157,275
157,288
157,303
157,355
157,356
157,356
157,359
157,384
157,429
157,437
157,438
157,440
157,457
157,459
157,463
157,487
157,512
76,258
76,258
91,258
91,258
89,258
89,258
111,258
109,258
109,258
160,258
160,258
78,258
76,160
78,160
78,160
79,160
79,160
79,160
91,160
91,160
111,160
111,160
37,180
41,180
42,180
42,180
43,180
43,180
43,180
39,180
39,180
61,180
59,180
76,180
91,180
89,180
111,180
109,180
126,180
124,180
136,180
134,180
160,180
180,194
180,194
180,194
180,198
180,198
180,198
180,200
180,200
180,203
180,203
180,217
180,219
180,223
180,226
180,257
180,275
180,292
180,313
78,180
78,180
180,359
180,372
180,397
180,430
180,438
180,440
180,440
180,457
180,455
180,455
180,461
180,463
180,465
180,482
180,485
180,487
180,487
180,506
180,503
180,487
180,487
64,193
76,193
78,193
78,193
78,193
79,193
79,193
91,193
111,193
194,292
194,484
198,364
198,484
200,314
200,360
200,364
195,203
195,203
220,363
220,440
59,219
59,219
79,219
219,220
219,314
219,364
219,435
219,475
219,475
219,476
219,484
41,223
41,223
43,223
45,223
219,223
223,223
223,231
223,230
223,275
223,288
223,292
223,440
223,461
37,223
37,223
37,223
37,223
37,223
39,223
39,223
39,223
41,223
41,223
42,223
55,223
55,223
55,223
59,223
59,223
61,223
71,223
74,223
74,223
74,223
74,223
76,223
78,223
78,223
79,223
83,223
83,223
83,223
83,223
87,223
87,223
87,223
87,223
91,223
91,223
107,223
107,223
107,223
111,223
111,223
111,223
126,223
136,223
223,230
223,230
223,231
223,233
223,275
223,275
223,288
223,313
223,313
223,313
223,355
223,355
223,360
223,384
223,397
223,428
223,428
223,429
223,440
223,457
223,463
223,463
223,465
223,474
223,474
223,475
223,482
223,482
37,225
41,225
43,225
39,225
119,225
194,225
225,231
225,230
225,275
225,288
225,292
225,313
225,355
225,359
225,372
225,377
225,406
225,430
225,482
225,487
225,487
225,506
37,155
39,155
39,155
41,155
155,180
155,225
155,230
155,275
155,288
155,277
155,303
155,355
155,356
155,356
155,359
155,384
155,397
155,427
155,429
155,437
155,438
155,440
155,455
155,457
155,459
155,463
155,482
155,487
155,503
155,512
226,231
226,231
226,275
226,355
226,359
226,443
226,457
226,457
41,226
226,384
226,459
230,275
230,292
230,486
200,230
230,281
230,360
230,384
230,386
230,429
230,459
230,486
230,506
230,512
21,244
25,244
42,244
43,244
43,244
44,244
39,244
61,244
59,244
79,244
76,244
91,244
89,244
111,244
109,244
126,244
124,244
136,244
134,244
145,244
143,244
157,244
160,244
169,244
176,244
176,244
181,244
183,244
244,263
184,244
186,244
188,244
193,244
194,244
194,244
200,244
200,244
219,244
219,244
219,244
223,244
231,244
244,257
244,275
244,275
244,292
244,292
244,295
78,244
244,357
244,359
244,359
244,366
244,371
244,379
244,384
244,386
244,392
244,393
244,397
244,430
244,444
244,461
244,491
244,490
244,494
244,499
244,500
244,504
244,505
244,506
244,503
157,245
41,245
78,245
245,288
37,246
41,246
43,246
43,246
39,246
19,246
157,246
194,246
194,246
223,246
223,246
155,246
226,246
231,246
230,246
246,246
246,275
246,288
246,292
246,292
246,359
246,404
246,428
246,427
246,437
246,443
246,457
246,455
246,463
17,246
19,246
21,246
23,246
37,246
39,246
41,246
51,246
54,246
55,246
59,246
61,246
69,246
71,246
74,246
76,246
83,246
87,246
89,246
103,246
107,246
109,246
122,246
124,246
129,246
132,246
134,246
141,246
143,246
149,246
155,246
157,246
169,246
181,246
200,246
223,246
226,246
230,246
230,246
231,246
232,246
233,246
237,246
240,246
17,246
18,246
246,250
246,288
246,292
246,313
246,313
246,319
246,326
246,333
246,339
246,355
246,365
246,371
246,372
246,373
246,386
246,397
246,404
246,405
246,427
246,428
246,437
246,437
246,438
246,440
246,444
246,455
246,456
246,459
246,463
246,482
246,486
246,488
246,489
246,506
246,512
62,257
62,257
76,257
78,257
79,257
91,257
91,257
111,257
111,257
257,258
257,258
219,275
275,275
275,457
275,482
48,275
153,275
203,275
220,275
220,275
275,304
275,384
275,457
275,459
275,482
275,482
283,487
37,288
39,288
194,288
194,288
230,288
275,288
288,288
288,292
288,292
288,355
288,359
288,359
288,377
288,482
288,482
288,486
37,288
37,288
39,288
41,288
42,288
44,288
50,288
50,288
51,288
59,288
59,288
59,288
71,288
83,288
83,288
194,288
226,288
226,288
226,288
226,288
228,288
230,288
231,288
275,288
281,288
288,292
277,288
288,355
288,359
288,360
288,364
288,384
288,386
288,462
288,396
288,397
288,394
288,516
288,428
288,429
288,430
288,435
288,459
288,465
288,465
288,474
288,474
288,474
288,475
288,475
288,487
288,500
288,503
288,506
288,507
292,292
50,292
59,292
59,292
59,292
292,398
292,516
292,430
292,485
21,297
25,297
23,297
37,297
41,297
42,297
43,297
43,297
44,297
47,297
47,297
47,297
47,297
47,297
39,297
50,297
53,297
54,297
55,297
61,297
59,297
69,297
71,297
72,297
73,297
74,297
79,297
76,297
85,297
86,297
87,297
91,297
89,297
103,297
107,297
111,297
119,297
109,297
122,297
126,297
124,297
129,297
132,297
136,297
134,297
141,297
145,297
143,297
149,297
19,297
152,297
157,297
161,297
160,297
169,297
173,297
174,297
179,297
180,297
181,297
183,297
263,297
184,297
186,297
261,297
188,297
193,297
194,297
195,297
195,297
198,297
198,297
198,297
198,297
198,297
198,297
198,297
200,297
203,297
203,297
203,297
203,297
203,297
203,297
203,297
217,297
217,297
217,297
217,297
219,297
219,297
178,297
215,297
223,297
155,297
226,297
229,297
229,297
231,297
230,297
230,297
232,297
233,297
237,297
241,297
257,297
275,297
279,297
288,297
293,297
292,297
295,297
297,311
297,313
78,297
297,326
297,320
297,333
297,339
297,355
297,357
297,357
297,359
297,362
297,362
297,363
297,363
297,365
297,366
297,371
297,372
297,373
297,377
297,379
297,379
297,439
297,384
297,386
297,392
297,392
297,393
297,396
297,398
297,397
297,406
297,428
297,430
297,433
297,438
297,440
297,437
297,444
297,443
297,445
297,446
297,457
297,455
297,455
297,461
297,463
297,465
297,475
297,474
297,478
297,481
297,484
297,482
297,486
297,485
297,487
17,297
297,489
297,491
297,490
297,493
297,494
297,497
297,488
297,499
297,500
297,504
297,505
297,506
297,503
297,508
297,509
297,513
297,512
297,515
297,403
153,297
297,354
175,297
208,297
219,277
277,292
78,277
277,363
37,303
42,303
47,303
53,303
54,303
55,303
61,303
59,303
69,303
71,303
72,303
73,303
74,303
79,303
76,303
85,303
86,303
87,303
89,303
91,303
119,303
152,303
160,303
174,303
176,303
179,303
193,303
195,303
198,303
200,303
203,303
217,303
219,303
232,303
303,439
233,303
257,303
275,303
293,303
292,303
295,303
303,311
303,313
303,326
303,333
303,339
78,303
303,355
303,362
303,365
303,371
303,377
303,386
303,396
303,398
303,446
303,465
303,478
303,484
303,487
303,489
303,490
303,488
303,500
303,504
303,503
303,509
303,512
42,244
43,244
44,244
51,244
61,244
63,244
66,244
119,244
155,244
157,244
180,244
194,244
223,244
225,244
231,244
244,292
244,304
244,397
244,405
244,444
244,486
244,503
244,515
78,79
78,80
78,91
231,355
230,355
275,355
355,355
355,359
355,359
355,377
355,482
42,355
44,355
49,355
49,355
51,355
51,355
55,355
55,355
76,355
76,355
87,355
194,355
220,355
275,355
277,355
304,355
355,359
355,384
355,397
355,516
296,355
355,429
355,435
355,459
355,474
355,487
169,356
169,356
200,356
200,356
275,356
275,356
292,356
292,356
313,356
313,356
356,487
246,357
21,359
25,359
23,359
44,359
47,359
53,359
54,359
55,359
61,359
59,359
69,359
71,359
72,359
73,359
74,359
79,359
76,359
85,359
86,359
87,359
91,359
89,359
103,359
107,359
111,359
119,359
109,359
122,359
126,359
124,359
129,359
132,359
136,359
134,359
141,359
145,359
143,359
149,359
152,359
160,359
169,359
174,359
176,359
179,359
181,359
183,359
263,359
184,359
186,359
261,359
188,359
193,359
194,359
198,359
200,359
203,359
217,359
178,359
215,359
219,359
232,359
233,359
257,359
275,359
279,359
293,359
292,359
295,359
311,359
313,359
78,359
326,359
320,359
333,359
339,359
359,359
359,362
359,363
359,365
359,371
359,386
359,396
359,398
359,397
359,430
359,439
359,433
359,445
359,461
359,465
359,475
359,474
359,478
359,481
359,484
359,482
359,485
359,489
359,491
359,490
359,493
359,494
359,497
359,488
359,499
359,500
359,504
359,506
359,503
359,509
359,513
359,512
359,515
359,403
275,359
359,384
359,429
359,457
359,459
359,482
153,359
354,359
175,359
208,359
47,366
203,366
373,487
19,378
19,378
19,378
19,378
180,378
244,378
244,378
244,378
244,378
244,378
244,378
297,378
303,378
359,378
378,404
378,404
378,404
378,404
378,404
378,429
42,377
44,377
275,377
277,377
304,377
359,377
377,384
377,397
377,429
377,459
377,487
231,384
384,482
246,392
246,393
292,397
292,397
21,404
21,404
21,404
21,404
21,404
21,404
25,404
25,404
25,404
25,404
25,404
23,404
23,404
23,404
23,404
23,404
23,404
37,404
41,404
41,404
41,404
42,404
42,404
43,404
43,404
43,404
43,404
44,404
44,404
47,404
39,404
39,404
39,404
50,404
53,404
53,404
54,404
54,404
54,404
54,404
55,404
61,404
59,404
69,404
71,404
71,404
72,404
72,404
73,404
73,404
74,404
74,404
74,404
79,404
79,404
79,404
76,404
76,404
85,404
85,404
86,404
86,404
87,404
87,404
91,404
91,404
91,404
89,404
89,404
103,404
107,404
107,404
111,404
111,404
111,404
119,404
119,404
109,404
109,404
122,404
122,404
126,404
126,404
126,404
124,404
124,404
129,404
132,404
132,404
136,404
136,404
136,404
134,404
134,404
141,404
141,404
145,404
145,404
145,404
143,404
143,404
149,404
152,404
152,404
153,404
354,404
354,404
175,404
175,404
208,404
208,404
157,404
157,404
160,404
160,404
160,404
169,404
169,404
169,404
169,404
169,404
173,404
174,404
174,404
176,404
179,404
179,404
180,404
181,404
183,404
183,404
263,404
263,404
184,404
186,404
186,404
188,404
193,404
193,404
193,404
193,404
194,404
194,404
194,404
198,404
200,404
200,404
203,404
217,404
217,404
217,404
215,404
178,404
219,404
219,404
223,404
223,404
223,404
223,404
155,404
226,404
226,404
229,404
229,404
231,404
231,404
231,404
231,404
230,404
232,404
232,404
233,404
233,404
239,404
257,404
257,404
275,404
275,404
275,404
279,404
279,404
279,404
288,404
288,404
293,404
293,404
292,404
292,404
295,404
311,404
311,404
313,404
313,404
313,404
313,404
78,404
78,404
78,404
326,404
326,404
320,404
320,404
333,404
339,404
355,404
355,404
355,404
355,404
359,404
359,404
359,404
362,404
362,404
362,404
365,404
365,404
366,404
366,404
371,404
371,404
372,404
373,404
377,404
377,404
377,404
379,404
384,404
384,404
386,404
392,404
404,439
404,439
396,404
396,404
398,404
398,404
397,404
404,428
404,430
404,430
404,430
404,430
404,433
404,438
404,438
404,440
404,440
404,437
404,443
404,443
404,445
404,445
404,457
404,460
404,460
404,461
404,461
404,461
404,461
404,463
404,475
404,474
404,478
404,481
404,484
404,486
404,486
404,485
404,485
404,489
404,491
404,491
404,490
404,490
404,493
404,494
404,494
404,497
404,488
404,488
404,499
404,499
404,500
404,500
404,504
404,504
404,505
404,505
404,506
404,506
404,503
404,508
404,509
404,513
404,512
404,512
404,515
404,515
403,404
219,427
219,427
219,427
219,427
223,427
223,427
223,427
231,427
230,427
275,427
275,427
292,427
292,427
292,427
359,427
427,433
427,433
427,440
427,440
427,437
427,443
427,457
427,457
427,461
427,461
275,428
292,428
292,428
359,428
428,461
384,428
428,459
119,429
195,429
195,429
200,429
231,429
53,429
54,429
275,429
71,429
73,429
87,429
89,429
178,429
215,429
219,429
219,429
219,429
362,429
313,429
326,429
320,429
333,429
339,429
429,433
188,429
181,429
261,429
429,439
429,482
233,429
22,427
22,427
22,427
22,427
24,427
24,427
37,427
38,427
39,427
39,427
41,427
41,427
41,427
42,427
43,427
56,427
56,427
59,427
60,427
60,427
61,427
61,427
63,427
64,427
64,427
75,427
75,427
77,427
78,427
78,427
78,427
81,427
88,427
88,427
88,427
89,427
90,427
90,427
91,427
92,427
96,427
108,427
108,427
108,427
110,427
110,427
111,427
114,427
123,427
123,427
123,427
123,427
124,427
125,427
125,427
126,427
127,427
128,427
187,427
262,427
133,427
133,427
133,427
133,427
135,427
135,427
142,427
142,427
142,427
142,427
143,427
144,427
144,427
145,427
146,427
147,427
157,427
258,427
180,427
183,427
226,427
288,427
288,427
292,427
313,427
313,427
397,427
427,437
427,438
427,457
427,459
427,463
427,485
427,488
427,499
427,503
427,504
427,505
427,505
427,512
427,512
37,437
37,437
37,437
39,437
226,437
231,437
231,437
231,437
230,437
230,437
275,437
275,437
288,437
288,437
288,437
288,437
355,437
359,437
377,437
428,437
437,438
437,440
437,437
437,443
437,457
437,457
437,455
437,463
437,482
437,482
37,438
39,438
226,438
275,438
275,438
288,438
288,438
288,438
292,438
292,438
292,438
292,438
355,438
359,438
377,438
438,438
438,440
438,457
438,457
438,482
438,482
37,438
39,438
39,438
41,438
41,438
225,438
230,438
275,438
288,438
277,438
303,438
355,438
356,438
356,438
359,438
384,438
429,438
438,440
438,459
438,463
37,440
275,440
288,440
292,440
359,440
440,440
39,440
39,440
41,440
42,440
44,440
48,440
49,440
50,440
59,440
59,440
62,440
62,440
153,440
170,440
194,440
199,440
199,440
225,440
228,440
230,440
275,440
219,440
288,440
292,440
277,440
303,440
304,440
314,440
355,440
356,440
356,440
359,440
360,440
364,440
366,440
384,440
397,440
394,440
440,516
296,440
429,440
435,440
440,459
440,465
440,474
440,474
440,474
440,475
440,475
440,476
440,487
440,503
440,514
271,440
54,442
73,442
73,312
271,288
246,354
37,437
37,437
41,437
180,437
225,437
230,437
275,437
288,437
355,437
359,437
384,437
429,437
437,438
437,440
437,455
437,457
437,457
437,459
437,463
437,482
437,487
59,443
443,459
277,446
356,446
356,446
37,455
43,455
43,455
39,455
200,455
219,455
219,455
223,455
226,455
231,455
275,455
292,455
292,455
355,455
355,455
359,455
428,455
444,455
455,461
455,463
455,486
223,456
355,456
41,457
41,457
161,457
161,457
195,457
195,457
195,457
195,457
195,457
195,457
217,457
219,457
363,457
457,482
55,457
59,457
59,457
59,457
233,457
457,475
457,482
457,515
457,515
231,459
22,455
23,455
23,455
24,455
25,455
26,455
37,455
38,455
39,455
40,455
41,455
41,455
42,455
43,455
43,455
56,455
56,455
60,455
60,455
61,455
62,455
63,455
75,455
76,455
77,455
78,455
78,455
88,455
89,455
90,455
91,455
92,455
108,455
110,455
111,455
112,455
123,455
124,455
125,455
126,455
127,455
133,455
135,455
136,455
137,455
142,455
143,455
144,455
145,455
146,455
258,455
223,455
225,455
225,455
231,455
232,455
233,455
288,455
292,455
292,455
360,455
365,455
366,455
366,455
384,455
396,455
397,455
397,455
428,455
429,455
438,455
440,455
445,455
455,459
455,463
455,474
455,478
455,488
455,499
455,499
455,503
455,504
455,505
455,505
455,507
455,508
455,509
455,510
455,512
246,460
246,460
297,460
297,460
37,463
39,463
194,463
194,463
194,463
194,463
226,463
231,463
230,463
275,463
288,463
292,463
355,463
359,463
359,463
377,463
428,463
440,463
443,463
463,463
463,482
463,482
463,487
463,488
463,503
463,512
355,464
41,463
225,463
230,463
288,463
355,463
359,463
359,463
384,463
429,463
440,463
459,463
463,465
463,482
463,487
219,465
231,465
457,465
461,465
61,465
78,465
219,474
292,474
457,474
292,476
157,482
180,482
61,482
59,482
76,482
76,482
195,482
195,482
195,482
195,482
257,482
292,482
292,482
78,482
78,482
78,482
461,482
61,482
62,482
78,482
79,482
258,482
304,482
459,482
482,499
482,512
41,485
41,485
41,485
41,485
43,485
43,485
43,485
43,485
161,485
161,485
161,485
161,485
161,485
195,485
203,485
461,485
47,487
61,487
59,487
76,487
160,487
193,487
193,487
193,487
161,487
161,487
161,487
194,487
194,487
219,487
257,487
78,487
433,487
461,487
59,487
61,487
61,487
62,487
62,487
78,487
78,487
258,487
258,487
359,487
457,504
482,504
457,505
482,503
19,296
296,297
296,359
296,404
307,440
307,355
440,441
18,230
18,19
18,455
245,355
245,313
245,377
245,326
245,333
227,313
297,308
308,359
308,404
246,308
34,297
34,359
19,192
34,404
191,297
191,359
191,244
19,191
191,404
148,427
139,427
19,32
19,30
19,30
19,25
41,145
41,145
41,143
41,143
19,31
19,30
19,32
19,25
19,26
19,26
32,244
28,246
30,246
28,297
32,297
30,297
28,359
32,359
30,359
32,404
32,404
32,404
32,404
32,404
30,404
30,404
30,404
30,404
30,404
30,404
31,427
31,427
29,455
30,455
30,455
31,455
32,455
33,455
27,427
182,288
182,440
19,343
297,343
343,359
343,429
343,404
343,404
343,404
288,344
344,440
19,264
264,297
264,359
264,429
264,404
264,404
265,288
265,440
19,164
164,297
164,359
164,429
263,429
183,429
91,429
164,404
164,404
297,436
297,436
359,436
359,436
429,436
86,429
404,436
19,436
246,382
246,382
246,399
246,399
297,353
353,359
353,429
303,353
353,404
353,404
353,404
19,353
270,297
270,359
270,429
270,303
270,404
270,404
270,404
19,270
266,297
266,359
266,429
266,303
266,404
266,404
266,404
266,404
19,266
106,297
106,359
106,429
106,303
19,106
19,106
19,106
106,404
106,404
106,404
297,423
359,423
423,429
303,423
19,423
404,423
297,422
359,422
422,429
303,422
19,422
404,422
297,374
359,374
374,429
303,374
19,374
374,404
297,410
359,410
410,429
303,410
19,410
404,410
297,414
359,414
414,429
303,414
19,414
404,414
297,418
359,418
418,429
303,418
19,418
404,418
297,407
359,407
407,429
303,407
19,407
404,407
297,408
359,408
408,429
303,408
19,408
404,408
297,412
359,412
412,429
303,412
19,412
404,412
297,416
359,416
416,429
303,416
19,416
404,416
297,420
359,420
420,429
303,420
19,420
404,420
19,190
19,190
190,244
190,297
190,359
190,429
190,303
190,404
190,404
359,379
359,379
379,429
379,429
303,379
303,379
359,392
359,392
392,429
392,429
303,392
303,392
357,359
357,359
357,429
357,429
303,357
303,357
359,393
393,429
303,393
359,460
359,460
429,460
429,460
303,460
303,460
359,366
366,429
303,366
297,369
359,369
369,429
303,369
369,404
19,369
297,367
359,367
367,429
303,367
367,404
19,367
272,297
272,359
272,429
272,303
272,404
19,272
283,297
283,359
283,429
283,303
283,404
19,283
158,297
158,359
158,429
158,303
158,404
19,158
191,429
191,303
19,315
19,315
297,315
303,315
315,359
315,404
315,404
315,404
315,429
19,84
19,84
84,297
84,303
84,359
84,404
84,404
84,404
84,429
75,455
19,322
19,322
297,322
303,322
322,359
322,404
322,404
322,404
322,429
77,455
19,105
19,105
105,297
105,303
105,359
105,404
105,404
105,404
105,429
88,455
19,328
19,328
297,328
303,328
328,359
328,404
328,404
328,404
328,429
90,455
19,121
19,121
121,297
121,303
121,359
121,404
121,404
121,404
121,429
108,455
19,331
19,331
297,331
303,331
331,359
331,404
331,404
331,404
331,429
110,455
19,131
19,131
131,297
131,303
131,359
131,404
131,404
131,404
131,429
123,455
19,335
19,335
297,335
303,335
335,359
335,404
335,404
335,404
335,429
125,455
19,140
19,140
140,297
140,303
140,359
140,404
140,404
140,404
140,429
133,455
19,337
19,337
297,337
303,337
337,359
337,404
337,404
337,404
337,429
135,455
19,151
19,151
151,297
151,303
151,359
151,404
151,404
151,404
151,429
142,455
19,341
19,341
297,341
303,341
341,359
341,404
341,404
341,404
341,429
144,455
297,317
317,359
317,429
303,317
317,404
317,404
317,404
19,317
62,482
258,482
258,482
297,476
303,476
359,476
429,476
404,476
440,477
213,244
213,404
213,404
213,404
19,213
213,297
213,359
213,429
213,303
213,442
213,487
213,487
440,511
177,297
177,404
177,404
177,359
177,429
177,303
212,297
212,404
212,404
212,359
212,429
212,303
297,361
297,361
359,361
359,361
361,429
361,429
303,361
303,361
399,404
399,404
297,399
359,399
399,429
303,399
382,404
382,404
382,404
382,404
297,382
297,382
359,382
359,382
382,429
382,429
303,382
303,382
117,244
117,297
117,404
19,117
117,359
117,429
117,303
99,244
99,297
99,404
99,359
99,429
99,303
114,297
114,303
114,359
114,429
114,404
113,297
113,303
113,359
113,429
113,404
101,297
101,303
101,359
101,429
43,64
43,162
101,404
101,404
96,297
96,303
96,359
96,429
96,404
96,404
457,517
231,517
430,517
288,517
297,518
303,518
359,518
429,518
404,518
297,519
303,519
359,519
429,519
404,519
359,384
384,429
303,384
19,384
19,384
205,297
205,303
205,359
205,429
205,404
297,389
303,389
359,389
389,429
389,404
389,404
210,404
210,404
210,297
210,303
210,359
210,429
199,404
163,404
199,297
163,297
199,303
163,303
199,359
163,359
199,429
163,429
216,297
216,429
216,359
216,303
217,440
216,404
216,404
193,429
161,303
161,429
161,359
161,244
161,244
363,429
297,347
347,359
347,429
303,347
347,404
19,347
67,297
67,359
67,429
67,303
67,404
19,67
19,67
57,297
57,359
57,429
57,303
57,404
57,404
19,57
19,57
186,429
244,261
19,261
19,261
261,404
261,404
184,429
259,297
259,359
259,429
19,259
19,259
259,404
259,404
267,404
267,404
19,267
267,297
267,359
267,429
267,303
345,404
345,404
19,345
19,345
297,345
345,359
345,429
303,345
171,404
171,404
171,297
171,359
171,429
171,303
297,451
359,451
429,451
303,451
19,451
404,451
297,453
359,453
429,453
303,453
19,453
404,453
198,482
198,482
198,482
221,482
221,482
221,404
19,221
19,221
221,297
221,359
221,429
221,303
221,244
221,244
221,244
221,280
297,390
303,390
359,390
390,429
297,352
303,352
352,359
352,429
297,349
303,349
349,359
349,429
349,404
349,404
196,404
196,404
196,404
196,297
196,303
196,359
196,429
19,319
297,319
303,319
319,359
319,429
319,404
319,404
94,297
94,303
94,359
94,429
43,258
44,194
167,404
167,404
167,303
167,359
167,429
297,350
350,359
350,429
303,350
19,350
19,350
350,404
350,404
350,404
244,324
297,324
324,359
324,429
303,324
324,404
324,404
324,404
19,324
79,482
79,482
115,297
115,359
115,429
115,303
115,404
97,297
97,303
97,359
97,429
119,258
114,223
114,161
114,193
114,195
114,166
114,166
297,431
359,431
429,431
303,431
404,431
166,297
166,359
166,429
166,303
19,523
230,523
237,523
17,523
246,523
246,523
246,523
246,523
244,523
404,523
427,523
455,523
20,523
22,523
21,523
24,523
25,523
23,523
28,523
29,523
38,523
37,523
37,523
40,523
41,523
41,523
42,523
42,523
43,523
43,523
44,523
44,523
45,523
45,523
47,523
47,523
39,523
50,523
50,523
53,523
53,523
54,523
54,523
56,523
55,523
55,523
60,523
61,523
59,523
70,523
69,523
71,523
72,523
73,523
75,523
74,523
74,523
77,523
79,523
76,523
76,523
83,523
85,523
86,523
88,523
87,523
90,523
91,523
91,523
89,523
89,523
89,523
104,523
103,523
108,523
107,523
110,523
111,523
119,523
119,523
109,523
109,523
109,523
123,523
122,523
125,523
126,523
124,523
129,523
130,523
133,523
132,523
135,523
136,523
134,523
142,523
141,523
144,523
145,523
143,523
149,523
150,523
35,523
19,523
152,523
152,523
153,523
354,523
175,523
208,523
208,523
238,523
155,523
156,523
157,523
157,523
157,523
157,523
157,523
161,523
161,523
160,523
160,523
164,523
164,523
166,523
169,523
173,523
174,523
174,523
176,523
179,523
180,523
180,523
180,523
181,523
183,523
263,523
184,523
186,523
188,523
193,523
193,523
194,523
194,523
195,523
198,523
198,523
198,523
200,523
200,523
203,523
203,523
203,523
217,523
217,523
219,523
219,523
219,523
223,523
223,523
223,523
223,523
155,523
155,523
227,523
226,523
229,523
231,523
230,523
230,523
232,523
233,523
233,523
237,523
239,523
241,523
245,523
246,523
257,523
272,523
275,523
275,523
279,523
289,523
289,523
288,523
288,523
293,523
292,523
292,523
292,523
295,523
295,523
295,523
311,523
313,523
313,523
78,523
78,523
78,523
326,523
326,523
333,523
333,523
339,523
339,523
355,523
357,523
359,523
359,523
362,523
363,523
365,523
366,523
366,523
371,523
372,523
372,523
373,523
378,523
377,523
379,523
384,523
386,523
392,523
393,523
396,523
398,523
397,523
397,523
397,523
406,523
428,523
430,523
430,523
430,523
433,523
438,523
438,523
440,523
440,523
440,523
437,523
437,523
437,523
444,523
444,523
443,523
443,523
445,523
446,523
234,523
456,523
458,523
457,523
457,523
457,523
459,523
459,523
455,523
460,523
461,523
461,523
464,523
463,523
463,523
465,523
475,523
474,523
478,523
481,523
483,523
484,523
484,523
482,523
486,523
486,523
485,523
485,523
487,523
489,523
491,523
490,523
493,523
494,523
497,523
488,523
499,523
500,523
504,523
505,523
506,523
506,523
503,523
503,523
508,523
509,523
513,523
512,523
401,523
514,523
515,523
403,523
296,523
296,523
178,523
215,523
439,523
439,523
205,523
389,523
0,523
8,523
8,523
191,523
34,523
308,523
31,523
30,523
32,523
36,523
343,523
264,523
436,523
353,523
270,523
266,523
106,523
106,523
423,523
422,523
374,523
410,523
414,523
418,523
407,523
408,523
412,523
416,523
420,523
190,523
369,523
367,523
283,523
158,523
315,523
84,523
322,523
105,523
328,523
121,523
331,523
131,523
335,523
140,523
337,523
151,523
341,523
317,523
476,523
476,523
14,523
4,523
7,523
16,523
12,523
5,523
9,523
11,523
11,523
10,523
10,523
13,523
6,523
15,523
15,523
1,523
2,523
3,523
235,523
236,523
242,523
243,523
425,523
426,523
213,523
213,523
177,523
177,523
212,523
212,523
361,523
399,523
382,523
117,523
99,523
114,523
113,523
101,523
96,523
517,523
518,523
519,523
210,523
199,523
163,523
216,523
347,523
67,523
57,523
261,523
259,523
267,523
267,523
345,523
345,523
171,523
320,523
320,523
451,523
453,523
221,523
221,523
390,523
352,523
349,523
196,523
196,523
319,523
319,523
94,523
94,523
167,523
167,523
350,523
324,523
115,523
97,523
431,523
21,522
21,522
23,522
23,522
23,522
25,522
26,522
26,522
28,522
28,522
28,522
28,522
37,522
39,522
39,522
41,522
41,522
41,522
42,522
42,522
42,522
42,522
42,522
42,522
43,522
43,522
43,522
43,522
43,522
43,522
43,522
44,522
44,522
44,522
44,522
44,522
46,522
46,522
46,522
47,522
47,522
48,522
48,522
48,522
48,522
49,522
49,522
50,522
50,522
51,522
51,522
52,522
53,522
54,522
54,522
55,522
59,522
59,522
61,522
61,522
61,522
61,522
61,522
316,522
316,522
62,522
63,522
63,522
63,522
63,522
64,522
64,522
65,522
65,522
65,522
66,522
66,522
66,522
66,522
66,522
66,522
66,522
69,522
71,522
73,522
73,522
73,522
74,522
74,522
76,522
78,522
78,522
79,522
79,522
80,522
81,522
81,522
81,522
82,522
82,522
83,522
83,522
85,522
85,522
86,522
86,522
86,522
87,522
89,522
89,522
91,522
91,522
92,522
92,522
96,522
96,522
96,522
103,522
107,522
107,522
109,522
109,522
111,522
111,522
112,522
112,522
113,522
113,522
114,522
114,522
120,522
120,522
122,522
122,522
122,522
124,522
124,522
126,522
126,522
127,522
127,522
128,522
128,522
187,522
187,522
262,522
262,522
129,522
132,522
132,522
134,522
134,522
136,522
136,522
137,522
137,522
138,522
138,522
139,522
139,522
141,522
141,522
143,522
143,522
145,522
145,522
146,522
146,522
147,522
147,522
149,522
152,522
152,522
153,522
154,522
155,522
157,522
157,522
157,522
258,522
258,522
169,522
170,522
170,522
170,522
173,522
173,522
173,522
173,522
269,522
269,522
269,522
177,522
177,522
180,522
180,522
180,522
181,522
182,522
182,522
183,522
183,522
185,522
185,522
189,522
189,522
194,522
194,522
198,522
198,522
199,522
199,522
199,522
199,522
199,522
199,522
200,522
200,522
201,522
201,522
202,522
202,522
203,522
203,522
203,522
204,522
204,522
204,522
207,522
217,522
217,522
218,522
218,522
218,522
219,522
219,522
219,522
220,522
220,522
220,522
220,522
220,522
220,522
220,522
223,522
223,522
224,522
224,522
225,522
225,522
225,522
225,522
225,522
226,522
228,522
228,522
230,522
231,522
362,522
362,522
232,522
233,522
239,522
246,522
250,522
250,522
334,522
334,522
340,522
340,522
354,522
354,522
271,522
271,522
208,522
208,522
209,522
209,522
274,522
274,522
275,522
275,522
275,522
275,522
279,522
279,522
281,522
281,522
281,522
282,522
282,522
283,522
439,522
439,522
439,522
283,522
285,522
285,522
287,522
287,522
288,522
288,522
288,522
289,522
290,522
290,522
441,522
441,522
291,522
291,522
292,522
292,522
293,522
293,522
295,522
295,522
297,522
297,522
249,522
249,522
300,522
300,522
301,522
301,522
302,522
302,522
277,522
277,522
277,522
277,522
277,522
280,522
280,522
303,522
303,522
303,522
303,522
304,522
304,522
304,522
304,522
305,522
305,522
306,522
306,522
278,522
278,522
310,522
310,522
310,522
310,522
311,522
311,522
312,522
312,522
313,522
313,522
313,522
314,522
314,522
314,522
314,522
314,522
315,522
317,522
317,522
319,522
324,522
324,522
324,522
326,522
326,522
320,522
321,522
321,522
327,522
327,522
327,522
327,522
327,522
327,522
333,522
333,522
339,522
339,522
355,522
356,522
356,522
356,522
357,522
357,522
358,522
358,522
358,522
359,522
360,522
360,522
360,522
363,522
363,522
364,522
364,522
205,522
205,522
205,522
206,522
365,522
365,522
366,522
366,522
371,522
371,522
372,522
373,522
376,522
376,522
378,522
379,522
379,522
381,522
381,522
381,522
384,522
385,522
386,522
386,522
387,522
392,522
392,522
462,522
462,522
393,522
393,522
395,522
395,522
395,522
396,522
396,522
396,522
397,522
398,522
398,522
400,522
394,522
394,522
394,522
402,522
402,522
516,522
516,522
405,522
428,522
429,522
429,522
434,522
435,522
435,522
437,522
438,522
438,522
440,522
440,522
442,522
442,522
442,522
443,522
444,522
430,522
430,522
445,522
457,522
459,522
460,522
461,522
461,522
461,522
463,522
466,522
466,522
466,522
467,522
467,522
467,522
468,522
468,522
468,522
469,522
469,522
469,522
470,522
470,522
470,522
470,522
471,522
471,522
472,522
472,522
472,522
473,522
473,522
473,522
474,522
475,522
475,522
475,522
476,522
476,522
478,522
479,522
479,522
479,522
480,522
480,522
480,522
481,522
484,522
485,522
486,522
486,522
488,522
489,522
489,522
490,522
490,522
491,522
491,522
492,522
492,522
493,522
493,522
494,522
494,522
495,522
495,522
496,522
497,522
497,522
498,522
498,522
499,522
499,522
499,522
500,522
500,522
501,522
501,522
502,522
503,522
504,522
504,522
504,522
505,522
505,522
506,522
506,522
507,522
507,522
508,522
509,522
510,522
510,522
511,522
511,522
512,522
514,522
514,522
515,522
296,522
296,522
307,522
307,522
8,522
308,522
308,522
309,522
309,522
309,522
247,522
247,522
192,522
192,522
30,522
30,522
30,522
32,522
33,522
33,522
36,522
36,522
36,522
36,522
27,522
27,522
344,522
344,522
265,522
265,522
165,522
165,522
436,522
436,522
382,522
382,522
382,522
382,522
399,522
399,522
399,522
286,522
286,522
286,522
294,522
294,522
294,522
294,522
383,522
383,522
383,522
383,522
248,522
248,522
248,522
298,522
298,522
298,522
299,522
299,522
299,522
106,522
106,522
106,522
330,522
330,522
330,522
424,522
424,522
375,522
411,522
411,522
411,522
415,522
415,522
415,522
419,522
419,522
419,522
408,522
409,522
409,522
409,522
413,522
413,522
413,522
413,522
417,522
417,522
417,522
417,522
421,522
421,522
421,522
421,522
148,522
148,522
370,522
368,522
368,522
273,522
273,522
284,522
284,522
159,522
159,522
84,522
322,522
323,522
323,522
105,522
328,522
328,522
329,522
329,522
121,522
331,522
331,522
332,522
332,522
131,522
335,522
335,522
336,522
336,522
140,522
337,522
337,522
338,522
338,522
151,522
341,522
341,522
342,522
342,522
251,522
251,522
252,522
252,522
253,522
253,522
254,522
254,522
255,522
255,522
256,522
256,522
318,522
318,522
318,522
477,522
477,522
214,522
214,522
213,522
361,522
276,522
276,522
380,522
380,522
380,522
118,522
118,522
100,522
100,522
119,522
119,522
114,522
120,522
93,522
102,522
102,522
101,522
518,522
521,522
519,522
520,522
520,522
389,522
389,522
389,522
389,522
388,522
388,522
388,522
388,522
210,522
211,522
47,522
47,522
216,522
216,522
162,522
62,522
348,522
348,522
67,522
68,522
68,522
57,522
58,522
58,522
259,522
260,522
260,522
267,522
268,522
268,522
345,522
346,522
346,522
171,522
172,522
172,522
452,522
452,522
447,522
447,522
448,522
448,522
449,522
449,522
450,522
450,522
454,522
454,522
221,522
222,522
222,522
390,522
391,522
391,522
391,522
269,522
269,522
269,522
196,522
197,522
197,522
95,522
95,522
95,522
167,522
167,522
168,522
168,522
350,522
351,522
351,522
351,522
351,522
351,522
325,522
325,522
325,522
115,522
116,522
116,522
116,522
98,522
98,522
98,522
432,522
432,522
19,20
20,41
20,42
20,78
20,79
20,86
20,258
20,180
20,228
20,241
20,244
20,275
20,292
20,297
20,303
20,312
20,356
20,356
20,359
20,359
20,404
20,406
20,427
20,429
20,440
20,442
20,443
20,446
20,455
20,482
20,485
20,487
20,512
20,514
20,515
19,22
22,41
22,42
22,78
22,79
22,86
22,258
22,180
22,228
22,241
22,244
22,275
22,292
22,297
22,303
22,312
22,356
22,356
22,359
22,359
22,404
22,406
22,427
22,429
22,440
22,442
22,443
22,446
22,455
22,482
22,485
22,487
22,512
22,514
22,515
19,24
24,41
24,42
24,78
24,79
24,86
24,258
24,180
24,228
24,241
24,244
24,275
24,292
24,297
24,303
24,312
24,356
24,356
24,359
24,359
24,404
24,406
24,427
24,429
24,440
24,442
24,443
24,446
24,455
24,482
24,485
24,487
24,512
24,514
24,515
19,38
38,41
38,42
38,78
38,79
38,86
38,258
38,180
38,228
38,241
38,244
38,275
38,292
38,297
38,303
38,312
38,356
38,356
38,359
38,359
38,404
38,406
38,427
38,429
38,440
38,442
38,443
38,446
38,455
38,482
38,485
38,487
38,512
38,514
38,515
19,40
40,41
40,42
40,78
40,79
40,86
40,258
40,180
40,228
40,241
40,244
40,275
40,292
40,297
40,303
40,312
40,356
40,356
40,359
40,359
40,404
40,406
40,427
40,429
40,440
40,442
40,443
40,446
40,455
40,482
40,485
40,487
40,512
40,514
40,515
19,56
41,56
42,56
56,78
56,79
56,86
56,258
56,180
56,228
56,241
56,244
56,275
56,292
56,297
56,303
56,312
56,356
56,356
56,359
56,359
56,404
56,406
56,427
56,429
56,440
56,442
56,443
56,446
56,455
56,482
56,485
56,487
56,512
56,514
56,515
19,60
41,60
42,60
60,78
60,79
60,86
60,258
60,180
60,228
60,241
60,244
60,275
60,292
60,297
60,303
60,312
60,356
60,356
60,359
60,359
60,404
60,406
60,427
60,429
60,440
60,442
60,443
60,446
60,455
60,482
60,485
60,487
60,512
60,514
60,515
19,70
41,70
42,70
70,78
70,79
70,86
70,258
70,180
70,228
70,241
70,244
70,275
70,292
70,297
70,303
70,312
70,356
70,356
70,359
70,359
70,404
70,406
70,427
70,429
70,440
70,442
70,443
70,446
70,455
70,482
70,485
70,487
70,512
70,514
70,515
19,75
41,75
42,75
75,78
75,79
75,86
75,258
75,180
75,228
75,241
75,244
75,275
75,292
75,297
75,303
75,312
75,356
75,356
75,359
75,359
75,404
75,406
75,427
75,429
75,440
75,442
75,443
75,446
75,455
75,482
75,485
75,487
75,512
75,514
75,515
19,77
41,77
42,77
77,78
77,79
77,86
77,258
77,180
77,228
77,241
77,244
77,275
77,292
77,297
77,303
77,312
77,356
77,356
77,359
77,359
77,404
77,406
77,427
77,429
77,440
77,442
77,443
77,446
77,455
77,482
77,485
77,487
77,512
77,514
77,515
19,88
41,88
42,88
78,88
79,88
86,88
88,258
88,180
88,228
88,241
88,244
88,275
88,292
88,297
88,303
88,312
88,356
88,356
88,359
88,359
88,404
88,406
88,427
88,429
88,440
88,442
88,443
88,446
88,455
88,482
88,485
88,487
88,512
88,514
88,515
19,90
41,90
42,90
78,90
79,90
86,90
90,258
90,180
90,228
90,241
90,244
90,275
90,292
90,297
90,303
90,312
90,356
90,356
90,359
90,359
90,404
90,406
90,427
90,429
90,440
90,442
90,443
90,446
90,455
90,482
90,485
90,487
90,512
90,514
90,515
19,104
41,104
42,104
78,104
79,104
86,104
104,258
104,180
104,228
104,241
104,244
104,275
104,292
104,297
104,303
104,312
104,356
104,356
104,359
104,359
104,404
104,406
104,427
104,429
104,440
104,442
104,443
104,446
104,455
104,482
104,485
104,487
104,512
104,514
104,515
19,108
41,108
42,108
78,108
79,108
86,108
108,258
108,180
108,228
108,241
108,244
108,275
108,292
108,297
108,303
108,312
108,356
108,356
108,359
108,359
108,404
108,406
108,427
108,429
108,440
108,442
108,443
108,446
108,455
108,482
108,485
108,487
108,512
108,514
108,515
19,110
41,110
42,110
78,110
79,110
86,110
110,258
110,180
110,228
110,241
110,244
110,275
110,292
110,297
110,303
110,312
110,356
110,356
110,359
110,359
110,404
110,406
110,427
110,429
110,440
110,442
110,443
110,446
110,455
110,482
110,485
110,487
110,512
110,514
110,515
19,123
41,123
42,123
78,123
79,123
86,123
123,258
123,180
123,228
123,241
123,244
123,275
123,292
123,297
123,303
123,312
123,356
123,356
123,359
123,359
123,404
123,406
123,427
123,429
123,440
123,442
123,443
123,446
123,455
123,482
123,485
123,487
123,512
123,514
123,515
19,125
41,125
42,125
78,125
79,125
86,125
125,258
125,180
125,228
125,241
125,244
125,275
125,292
125,297
125,303
125,312
125,356
125,356
125,359
125,359
125,404
125,406
125,427
125,429
125,440
125,442
125,443
125,446
125,455
125,482
125,485
125,487
125,512
125,514
125,515
19,133
41,133
42,133
78,133
79,133
86,133
133,258
133,180
133,228
133,241
133,244
133,275
133,292
133,297
133,303
133,312
133,356
133,356
133,359
133,359
133,404
133,406
133,427
133,429
133,440
133,442
133,443
133,446
133,455
133,482
133,485
133,487
133,512
133,514
133,515
19,135
41,135
42,135
78,135
79,135
86,135
135,258
135,180
135,228
135,241
135,244
135,275
135,292
135,297
135,303
135,312
135,356
135,356
135,359
135,359
135,404
135,406
135,427
135,429
135,440
135,442
135,443
135,446
135,455
135,482
135,485
135,487
135,512
135,514
135,515
19,142
41,142
42,142
78,142
79,142
86,142
142,258
142,180
142,228
142,241
142,244
142,275
142,292
142,297
142,303
142,312
142,356
142,356
142,359
142,359
142,404
142,406
142,427
142,429
142,440
142,442
142,443
142,446
142,455
142,482
142,485
142,487
142,512
142,514
142,515
19,144
41,144
42,144
78,144
79,144
86,144
144,258
144,180
144,228
144,241
144,244
144,275
144,292
144,297
144,303
144,312
144,356
144,356
144,359
144,359
144,404
144,406
144,427
144,429
144,440
144,442
144,443
144,446
144,455
144,482
144,485
144,487
144,512
144,514
144,515
19,156
41,156
42,156
78,156
79,156
86,156
156,258
156,180
156,228
156,241
156,244
156,275
156,292
156,297
156,303
156,312
156,356
156,356
156,359
156,359
156,404
156,406
156,427
156,429
156,440
156,442
156,443
156,446
156,455
156,482
156,485
156,487
156,512
156,514
156,515
19,227
41,227
42,227
78,227
79,227
86,227
227,258
180,227
227,228
227,241
227,244
227,275
227,292
227,297
227,303
227,312
227,356
227,356
227,359
227,359
227,404
227,406
227,427
227,429
227,440
227,442
227,443
227,446
227,455
227,482
227,485
227,487
227,512
227,514
227,515
19,245
41,245
42,245
78,245
79,245
86,245
245,258
180,245
228,245
241,245
244,245
245,246
245,275
245,292
245,297
245,303
245,312
245,356
245,356
245,359
245,359
245,404
245,406
245,427
245,429
245,440
245,442
245,443
245,446
245,455
245,482
245,485
245,487
245,512
245,514
245,515
19,456
41,456
42,456
78,456
79,456
86,456
258,456
180,456
228,456
241,456
244,456
275,456
292,456
297,456
303,456
312,456
356,456
356,456
359,456
359,456
404,456
406,456
427,456
429,456
440,456
442,456
443,456
446,456
455,456
456,482
456,485
456,487
456,512
456,514
456,515
19,458
41,458
42,458
78,458
79,458
86,458
258,458
180,458
228,458
241,458
244,458
275,458
292,458
297,458
303,458
312,458
356,458
356,458
359,458
359,458
404,458
406,458
427,458
429,458
440,458
442,458
443,458
446,458
455,458
458,482
458,485
458,487
458,512
458,514
458,515
19,464
41,464
42,464
78,464
79,464
86,464
258,464
180,464
228,464
241,464
244,464
275,464
292,464
297,464
303,464
312,464
356,464
356,464
359,464
359,464
404,464
406,464
427,464
429,464
440,464
442,464
443,464
446,464
455,464
464,482
464,485
464,487
464,512
464,514
464,515
19,483
41,483
42,483
78,483
79,483
86,483
258,483
180,483
228,483
241,483
244,483
275,483
292,483
297,483
303,483
312,483
356,483
356,483
359,483
359,483
404,483
406,483
427,483
429,483
440,483
442,483
443,483
446,483
455,483
482,483
483,485
483,487
483,512
483,514
483,515
20,309
245,309
309,456
309,483
227,309
309,464
77,309
90,309
110,309
125,309
135,309
144,309
24,309
88,309
108,309
123,309
133,309
142,309
22,309
70,309
19,29
29,41
29,42
29,78
29,79
29,86
29,258
29,180
29,228
29,241
29,244
29,275
29,292
29,297
29,303
29,312
29,356
29,356
29,359
29,359
29,404
29,406
29,427
29,429
29,440
29,442
29,443
29,446
29,455
29,482
29,485
29,487
29,512
29,514
29,515
19,31
31,41
31,42
31,78
31,79
31,86
31,258
31,180
31,228
31,241
31,244
31,275
31,292
31,297
31,303
31,312
31,356
31,356
31,359
31,359
31,404
31,406
31,427
31,429
31,440
31,442
31,443
31,446
31,455
31,482
31,485
31,487
31,512
31,514
31,515
20,340
245,340
340,456
340,483
227,340
340,464
77,340
90,340
110,340
125,340
135,340
144,340
24,340
88,340
108,340
123,340
133,340
142,340
22,340
70,340
20,334
245,334
334,456
334,483
227,334
334,464
77,334
90,334
110,334
125,334
135,334
144,334
24,334
88,334
108,334
123,334
133,334
142,334
22,334
70,334
71,77
77,315
77,316
77,249
77,84
77,322
77,323
77,251
77,105
77,328
77,329
77,252
77,121
77,331
77,332
77,253
77,131
77,335
77,336
77,254
77,140
77,337
77,338
77,255
77,151
77,341
77,342
77,256
71,110
110,315
110,316
110,249
84,110
110,322
110,323
110,251
105,110
110,328
110,329
110,252
110,121
110,331
110,332
110,253
110,131
110,335
110,336
110,254
110,140
110,337
110,338
110,255
110,151
110,341
110,342
110,256
71,135
135,315
135,316
135,249
84,135
135,322
135,323
135,251
105,135
135,328
135,329
135,252
121,135
135,331
135,332
135,253
131,135
135,335
135,336
135,254
135,140
135,337
135,338
135,255
135,151
135,341
135,342
135,256
70,71
70,315
70,316
70,249
70,84
70,322
70,323
70,251
70,105
70,328
70,329
70,252
70,121
70,331
70,332
70,253
70,131
70,335
70,336
70,254
70,140
70,337
70,338
70,255
70,151
70,341
70,342
70,256
71,104
104,315
104,316
104,249
84,104
104,322
104,323
104,251
104,105
104,328
104,329
104,252
104,121
104,331
104,332
104,253
104,131
104,335
104,336
104,254
104,140
104,337
104,338
104,255
104,151
104,341
104,342
104,256
71,130
130,315
130,316
130,249
84,130
130,322
130,323
130,251
105,130
130,328
130,329
130,252
121,130
130,331
130,332
130,253
130,131
130,335
130,336
130,254
130,140
130,337
130,338
130,255
130,151
130,341
130,342
130,256
77,89
89,110
89,135
70,89
89,104
89,130
77,317
110,317
135,317
70,317
104,317
130,317
77,320
110,320
135,320
70,320
104,320
130,320
77,327
110,327
135,327
70,327
104,327
130,327
77,285
110,285
135,285
70,285
104,285
130,285
77,445
110,445
135,445
70,445
104,445
130,445
77,286
110,286
135,286
70,286
104,286
130,286
77,202
110,202
135,202
70,202
104,202
130,202
77,248
110,248
135,248
70,248
104,248
130,248
77,298
110,298
135,298
70,298
104,298
130,298
77,299
110,299
135,299
70,299
104,299
130,299
77,324
110,324
135,324
70,324
104,324
130,324
77,330
110,330
135,330
70,330
104,330
130,330
77,370
110,370
135,370
70,370
104,370
130,370
77,368
110,368
135,368
70,368
104,368
130,368
77,282
110,282
135,282
70,282
104,282
130,282
0,77
0,110
0,135
0,70
0,104
0,130
8,77
8,110
8,135
8,70
8,104
8,130
77,234
110,234
135,234
70,234
104,234
130,234
77,476
110,476
135,476
70,476
104,476
130,476
62,77
62,110
62,135
62,70
62,104
62,130
77,348
110,348
135,348
70,348
104,348
130,348
77,424
77,424
110,424
110,424
135,424
135,424
77,375
110,375
135,375
70,424
70,424
104,424
104,424
130,424
130,424
70,375
104,375
130,375
77,409
110,409
135,409
77,413
110,413
135,413
77,417
110,417
135,417
77,421
110,421
135,421
70,409
104,409
130,409
70,413
104,413
130,413
70,417
104,417
130,417
70,421
104,421
130,421
77,411
110,411
135,411
77,415
110,415
135,415
77,419
110,419
135,419
70,411
104,411
130,411
70,415
104,415
130,415
70,419
104,419
130,419
77,221
110,221
135,221
70,221
104,221
130,221
77,196
110,196
135,196
70,196
104,196
130,196
77,167
110,167
135,167
70,167
104,167
130,167
77,114
110,114
114,135
70,114
104,114
114,130
77,119
110,119
119,135
70,119
104,119
119,130
37,41
37,43
37,194
37,195
37,195
37,223
37,78
37,355
37,457
37,461
37,482
41,76
41,109
41,134
41,443
41,487
41,503
42,457
42,457
42,43
43,76
43,487
45,463
45,463
39,41
39,43
39,61
39,91
39,111
39,126
39,136
39,193
39,193
39,193
39,161
39,161
39,195
39,233
39,78
39,355
39,377
39,433
39,461
39,215
39,178
39,482
59,111
76,78
76,111
76,377
76,433
19,25
19,23
19,41
19,41
19,42
19,43
19,44
19,39
19,50
19,53
19,61
19,59
19,69
19,71
19,74
19,79
19,76
19,87
19,91
19,89
19,103
19,107
19,107
19,111
19,109
19,122
19,126
19,124
19,129
19,132
19,136
19,134
19,145
19,143
19,149
19,157
19,157
19,161
19,160
19,173
19,180
19,219
19,183
19,263
19,186
19,193
19,193
19,195
19,155
19,226
19,230
19,233
19,257
19,272
19,78
19,359
19,359
19,396
19,397
19,397
19,292
19,428
19,433
19,437
19,437
19,438
19,438
19,438
19,440
19,443
19,443
19,430
19,445
19,445
19,457
19,460
19,461
19,463
19,463
19,474
19,484
19,486
19,485
19,485
19,504
19,505
19,503
19,403
41,157
157,157
157,157
157,223
157,226
157,275
157,359
157,384
157,428
157,444
157,443
157,443
157,443
157,443
157,457
157,457
157,457
157,457
157,457
157,455
157,455
157,455
157,463
157,463
157,463
157,482
157,487
76,161
76,161
76,161
166,244
42,180
180,180
180,180
180,180
180,226
180,275
180,288
180,292
180,359
180,384
180,438
180,440
180,444
180,443
180,457
180,457
180,459
180,455
180,455
180,463
180,463
180,463
180,215
180,482
180,487
180,487
76,193
76,193
76,193
76,194
76,195
76,195
195,463
195,463
76,223
223,226
223,457
223,463
223,482
41,155
43,155
43,155
155,161
155,193
155,194
155,194
155,195
155,195
155,219
155,219
155,219
155,223
155,231
155,275
155,359
155,384
155,428
155,427
155,427
155,440
155,443
155,443
155,443
155,457
155,457
155,457
155,457
155,459
155,459
155,455
155,455
155,461
155,463
155,482
155,482
155,292
155,485
155,485
41,226
43,226
43,226
111,226
136,226
161,226
193,226
193,226
193,226
194,226
226,226
226,275
78,226
39,313
41,69
226,355
226,359
226,377
226,384
226,444
226,443
226,443
226,457
226,457
226,482
226,506
219,226
219,226
230,384
230,430
230,444
230,457
230,459
237,246
39,246
19,246
180,246
155,246
226,246
240,246
246,397
246,427
246,438
246,437
246,457
246,457
246,459
246,455
246,463
246,482
275,459
240,288
288,459
37,244
41,244
42,244
157,244
157,244
174,244
180,244
223,244
155,244
229,244
231,244
230,244
244,272
244,275
244,289
244,289
244,288
244,292
244,475
238,244
244,355
244,359
244,359
178,244
215,244
244,366
244,377
244,384
244,384
244,384
244,397
244,474
244,430
244,430
244,433
244,438
244,440
244,437
244,444
244,443
244,443
244,445
244,445
244,457
244,459
244,459
244,459
244,460
244,460
244,460
244,461
244,463
244,484
244,485
244,485
244,403
19,357
357,455
359,359
359,359
359,384
359,443
359,457
359,457
359,459
244,372
19,378
244,378
19,379
19,392
392,455
19,393
393,455
397,397
428,457
21,427
37,427
42,427
42,427
43,427
44,427
44,427
39,427
50,427
53,427
55,427
61,427
59,427
69,427
74,427
76,427
83,427
87,427
91,427
89,427
103,427
107,427
109,427
122,427
126,427
124,427
129,427
132,427
134,427
141,427
143,427
149,427
157,427
157,427
157,427
160,427
180,427
180,427
180,427
226,427
231,427
233,427
272,427
359,427
359,427
359,427
366,427
384,427
384,427
397,427
397,427
427,433
427,437
427,444
427,444
427,444
427,444
427,443
427,445
427,457
427,459
427,463
427,463
427,474
232,427
427,478
427,481
427,481
427,484
427,485
427,485
427,488
427,488
427,504
427,505
427,503
223,438
438,443
438,443
438,463
438,463
275,438
275,438
226,440
223,437
226,437
288,437
437,440
437,437
437,437
437,444
437,444
437,443
437,443
437,443
437,457
437,457
437,455
437,455
437,463
437,463
437,463
437,482
437,482
384,443
430,443
443,443
443,457
443,460
443,460
443,482
443,482
457,460
457,460
457,482
457,485
459,459
21,455
23,455
28,455
37,455
41,455
42,455
43,455
43,455
43,455
43,455
44,455
44,455
44,455
39,455
50,455
53,455
54,455
55,455
59,455
69,455
71,455
72,455
74,455
76,455
83,455
85,455
87,455
89,455
103,455
107,455
109,455
122,455
124,455
129,455
132,455
134,455
141,455
143,455
149,455
152,455
153,455
153,455
238,455
175,455
175,455
161,455
161,455
161,455
195,455
179,455
223,455
226,455
226,455
229,455
231,455
232,455
233,455
233,455
239,455
257,455
272,455
275,455
215,455
178,455
219,455
219,455
216,455
289,455
288,455
292,455
311,455
355,455
355,455
355,455
359,455
359,455
365,455
366,455
366,455
371,455
377,455
384,455
384,455
384,455
396,455
397,455
397,455
428,455
430,455
430,455
438,455
438,455
440,455
444,455
443,455
445,455
445,455
455,459
455,460
455,460
455,461
455,461
455,463
455,475
455,475
455,475
455,474
455,484
455,486
455,485
455,489
455,493
455,497
455,488
455,488
455,504
455,504
455,505
455,506
455,503
401,455
455,514
455,508
455,508
455,509
41,463
41,463
41,463
42,463
44,463
44,463
226,463
226,463
230,463
233,463
233,463
240,463
275,463
275,463
215,463
178,463
289,463
292,463
355,463
355,463
359,463
377,463
384,463
430,463
430,463
433,463
440,463
443,463
459,463
463,463
208,463
463,482
463,485
463,487
463,512
401,463
463,514
295,463
295,463
463,505
403,463
223,240
240,275
240,440
194,240
219,240
219,240
215,240
178,240
208,240
217,240
223,237
178,237
219,237
237,275
219,237
237,440
237,459
194,237
208,237
463,465
457,465
226,465
53,482
359,482
359,482
397,482
482,486
482,485
397,487
292,487
292,487
231,487
230,487
443,487
457,487
455,515
403,455
485,487
485,487
486,487
486,487
482,503
484,503
288,503
288,503
288,503
288,503
288,503
288,503
292,503
292,503
296,455
19,296
296,463
0,231
0,457
0,288
0,288
0,238
0,372
4,238
13,244
13,244
6,244
11,237
11,244
10,244
10,237
13,237
12,238
5,238
9,372
8,244
8,237
8,237
9,244
9,237
12,244
12,237
5,372
12,372
5,246
0,359
16,244
16,244
4,237
14,455
16,372
14,372
4,244
4,244
4,463
4,463
4,288
0,373
0,373
16,373
14,373
7,244
7,463
7,288
239,239
14,246
14,231
15,230
14,457
15,455
14,14
1,455
16,16
1,288
14,16
1,463
16,16
2,246
14,16
2,244
1,457
2,455
1,288
2,246
1,463
2,244
2,288
3,246
2,463
3,244
15,16
3,244
14,288
16,463
244,373
8,240
14,237
4,455
16,237
16,237
14,372
14,463
16,455
0,463
14,244
234,463
234,288
234,288
231,234
234,457
235,244
235,246
235,455
230,235
236,244
236,244
241,463
241,288
241,288
241,457
231,241
242,244
242,246
242,455
230,242
243,244
406,463
288,406
288,406
406,457
231,406
244,425
246,425
425,455
230,425
244,426
457,503
457,503
155,275
155,275
19,34
19,34
145,427
25,226
39,339
41,149
39,145
19,32
19,30
19,25
30,455
32,427
161,226
161,226
193,226
226,484
226,485
366,427
436,455
244,436
19,436
19,353
19,353
19,279
19,279
73,463
353,427
353,455
19,270
19,270
42,482
42,482
76,482
76,482
19,266
19,266
42,233
160,482
160,482
160,482
39,73
39,73
89,482
89,482
19,106
76,233
19,190
173,482
226,279
160,482
39,279
173,427
19,283
244,283
19,440
283,427
283,455
19,169
37,200
160,226
69,180
61,482
61,482
257,482
257,482
19,317
19,317
19,270
317,427
317,455
317,455
244,476
213,463
213,463
213,226
213,226
198,226
119,226
101,226
50,166
39,164
43,76
59,193
59,161
61,160
155,166
231,517
430,517
443,517
444,517
457,517
486,517
463,518
457,518
244,519
180,379
47,237
47,237
47,463
47,463
199,455
199,455
199,455
163,455
163,455
217,455
217,244
217,237
180,217
217,463
244,257
61,244
173,455
160,455
39,275
39,61
39,59
19,78
19,57
57,455
57,427
69,161
69,161
69,193
69,193
69,193
226,263
39,169
164,226
164,226
43,69
372,446
226,453
178,275
171,463
39,457
39,457
39,457
39,457
39,463
244,352
352,455
155,355
155,377
19,272
349,427
349,427
244,349
180,349
195,226
195,226
155,313
155,378
319,427
319,427
61,226
226,257
41,50
39,101
19,166
19,101
155,198
64,455
42,275
19,266
78,482
78,482
324,427
160,160
41,114
114,246
114,223
39,119
39,117
59,166
39,101
69,355
69,377
226,313
226,313
113,180
113,180
20,523
22,523
21,523
21,523
21,523
21,523
21,523
21,523
24,523
25,523
25,523
25,523
25,523
23,523
23,523
23,523
23,523
23,523
23,523
23,523
23,523
28,523
28,523
28,523
28,523
28,523
28,523
37,523
38,523
37,523
37,523
39,523
40,523
41,523
41,523
42,523
42,523
43,523
43,523
44,523
44,523
45,523
45,523
47,523
47,523
39,523
39,523
50,523
50,523
53,523
53,523
54,523
56,523
55,523
55,523
60,523
61,523
59,523
70,523
69,523
71,523
72,523
73,523
75,523
74,523
74,523
77,523
79,523
79,523
76,523
76,523
83,523
83,523
85,523
86,523
88,523
87,523
90,523
91,523
91,523
89,523
89,523
89,523
104,523
103,523
108,523
107,523
107,523
110,523
111,523
111,523
119,523
119,523
109,523
109,523
123,523
122,523
122,523
125,523
126,523
126,523
124,523
124,523
129,523
129,523
130,523
133,523
132,523
132,523
135,523
136,523
136,523
134,523
134,523
142,523
141,523
141,523
144,523
145,523
145,523
143,523
143,523
149,523
149,523
150,523
35,523
19,523
152,523
152,523
153,523
354,523
175,523
175,523
208,523
208,523
238,523
155,523
156,523
157,523
157,523
157,523
157,523
157,523
161,523
161,523
161,523
160,523
160,523
164,523
164,523
166,523
169,523
169,523
173,523
174,523
174,523
176,523
179,523
180,523
180,523
180,523
180,523
180,523
181,523
183,523
263,523
184,523
186,523
188,523
193,523
193,523
193,523
194,523
194,523
195,523
198,523
198,523
198,523
200,523
200,523
203,523
203,523
217,523
217,523
178,523
215,523
219,523
219,523
219,523
223,523
223,523
223,523
223,523
223,523
223,523
155,523
155,523
227,523
226,523
229,523
230,523
231,523
230,523
232,523
233,523
233,523
233,523
237,523
239,523
241,523
245,523
246,523
257,523
257,523
272,523
275,523
275,523
275,523
275,523
279,523
288,523
289,523
289,523
288,523
288,523
293,523
292,523
292,523
292,523
295,523
295,523
295,523
311,523
313,523
313,523
78,523
78,523
78,523
326,523
326,523
333,523
333,523
333,523
339,523
339,523
339,523
355,523
357,523
359,523
359,523
359,523
362,523
363,523
363,523
365,523
366,523
366,523
371,523
371,523
372,523
372,523
373,523
378,523
377,523
379,523
384,523
386,523
392,523
393,523
396,523
397,523
398,523
398,523
397,523
397,523
406,523
234,523
428,523
430,523
430,523
430,523
433,523
433,523
437,523
438,523
438,523
440,523
440,523
440,523
437,523
437,523
444,523
444,523
443,523
443,523
445,523
446,523
456,523
457,523
458,523
457,523
457,523
459,523
459,523
460,523
461,523
461,523
463,523
464,523
463,523
463,523
465,523
475,523
475,523
474,523
478,523
481,523
483,523
484,523
484,523
482,523
486,523
486,523
485,523
485,523
487,523
489,523
491,523
490,523
493,523
493,523
494,523
497,523
488,523
499,523
499,523
500,523
503,523
504,523
504,523
505,523
505,523
505,523
506,523
506,523
503,523
508,523
509,523
509,523
512,523
513,523
512,523
512,523
401,523
514,523
515,523
403,523
296,523
296,523
425,523
18,523
8,523
8,523
0,523
14,523
4,523
16,523
12,523
5,523
9,523
11,523
11,523
7,523
34,523
308,523
308,523
29,523
31,523
32,523
32,523
32,523
32,523
30,523
30,523
30,523
30,523
30,523
30,523
30,523
30,523
36,523
36,523
36,523
36,523
36,523
36,523
191,523
343,523
264,523
436,523
353,523
270,523
266,523
106,523
106,523
423,523
422,523
374,523
410,523
414,523
418,523
407,523
408,523
412,523
416,523
420,523
190,523
369,523
367,523
283,523
158,523
315,523
84,523
322,523
105,523
328,523
121,523
331,523
131,523
335,523
140,523
337,523
151,523
341,523
317,523
476,523
476,523
10,523
10,523
13,523
6,523
15,523
15,523
1,523
2,523
3,523
235,523
236,523
242,523
243,523
426,523
177,523
177,523
212,523
213,523
213,523
361,523
399,523
382,523
117,523
99,523
114,523
113,523
101,523
96,523
517,523
518,523
519,523
439,523
439,523
205,523
389,523
210,523
199,523
163,523
216,523
347,523
67,523
57,523
261,523
259,523
267,523
267,523
345,523
345,523
171,523
320,523
320,523
451,523
453,523
221,523
221,523
390,523
352,523
349,523
196,523
196,523
319,523
319,523
94,523
94,523
167,523
167,523
350,523
324,523
115,523
97,523
431,523
19,21
19,55
19,74
19,87
19,107
19,122
19,132
19,141
19,19
19,427
19,455
19,482
41,230
41,313
41,326
41,333
41,78
41,487
42,230
39,226
62,78
62,78
78,313
78,78
78,326
41,79
19,37
19,55
19,19
19,427
19,455
19,455
19,487
19,465
19,482
19,482
19,482
19,482
19,482
78,258
78,258
180,198
180,200
180,219
180,230
180,288
180,313
180,326
180,333
180,355
180,433
180,226
180,215
223,359
223,487
225,230
244,244
244,404
244,404
19,246
41,246
59,246
59,246
107,246
114,246
19,246
180,246
155,246
246,397
246,398
246,465
246,474
246,482
246,487
246,490
246,503
246,505
246,271
288,359
41,303
43,303
19,244
78,244
79,244
19,244
244,455
244,463
244,487
78,79
78,89
78,91
78,92
355,487
427,487
427,427
455,455
455,485
455,487
406,455
0,455
455,487
455,487
455,482
482,487
482,482
41,339
78,333
19,28
79,111
355,406
377,406
313,406
326,406
333,406
41,406
78,406
111,406
136,406
180,339
59,230
61,230
62,230
78,230
79,230
89,230
91,230
92,230
109,230
111,230
112,230
124,230
126,230
127,230
134,230
136,230
137,230
180,440
160,244
160,244
61,244
355,446
377,446
313,446
326,446
333,446
339,446
237,446
123,244
133,244
142,244
22,244
29,244
21,522
23,522
37,522
39,522
55,522
59,522
69,522
74,522
76,522
87,522
89,522
103,522
107,522
109,522
122,522
124,522
129,522
132,522
134,522
141,522
143,522
149,522
34,522
19,522
244,522
455,522
482,522
226,522
28,522
30,522
19,522
180,522
237,522
241,522
244,522
275,522
279,522
292,522
404,522
406,522
427,522
446,522
455,522
465,522
482,522
487,522
0,522
17,522
234,522
517,522
